Workbook

Sheet 0. Start Here
A1: 📘 FINANCE & BANKING — EXCEL PORTFOLIO PROJECT | Beginner Guide
B2: Welcome! This is a complete end-to-end project. Follow the steps below. Each sheet builds on the last — start with Raw Data, end with the Dashboard.
B3: PROJECT OVERVIEW
B4: Dataset | C4: 400 bank transactions — loans, deposits, credit cards across 5 branches (FY 2024)
B5: Domain | C5: Finance & Banking — realistic data an analyst would see at any retail bank
B6: Difficulty | C6: Beginner-friendly formulas · Perfect as your first data analytics portfolio piece
B7: What You Build | C7: Raw Data → Cleaning → Analysis → Pivot Tables → 4 Charts → Executive Dashboard
B9: STEP 1 | 1. Raw Data
B10: What to do | C10: Open this sheet and explore the 400 rows. Spot the 5 data quality issues listed at the bottom.
B11: Issues inside | C11: 1) Branch casing 2) Status leading spaces 3-4) Missing Amount/Rate 5) No date parts
B12: Key skill | C12: Data auditing — every real-world dataset needs inspection before analysis
B14: STEP 2 | 2. Clean Data
B15: PROPER() | C15: Converts 'DOWNTOWN' → 'Downtown'. Use: =PROPER(TRIM(A2))
B16: TRIM() | C16: Removes extra spaces. Use: =TRIM(A2) — fixes ' Active' → 'Active'
B17: IFERROR() | C17: Handles errors gracefully. Use: =IFERROR(formula, fallback_value)
B18: TEXT() | C18: Extracts month name from a date. Use: =TEXT(B2,"mmm") → 'Jan'
B19: INT() formula | C19: Calculates quarter: =INT((MONTH(B2)-1)/3+1) → returns 1, 2, 3, or 4
B20: PMT formula | C20: Monthly payment: =(L2*(M2/100/12))/(1-(1+M2/100/12)^(-N2)) — beginner finance formula!
B22: STEP 3 | 3. Analysis
B23: SUMIF() | C23: Adds values meeting ONE condition. =SUMIF(range, condition, sum_range)
B24: COUNTIF() | C24: Counts cells meeting ONE condition. =COUNTIF(range, condition)
B25: AVERAGEIF() | C25: Averages values meeting ONE condition. =AVERAGEIF(range, condition, avg_range)
B26: RANK() | C26: Ranks a value in a list. =RANK(value, all_values, 0) — 0 means descending
B27: MoM Growth | C27: Month-over-month: =(this_month - last_month) / last_month — fundamental finance metric
B29: STEP 4 | 4. Pivot Summary
B30: SUMPRODUCT() | C30: Most powerful beginner formula — sums with MULTIPLE conditions.
B31: Syntax | C31: =SUMPRODUCT((range1=condition1)*(range2=condition2)*(values))
B32: Why it matters | C32: Interviewers LOVE this. It replaces PivotTables with a formula.
B33: Practice tip | C33: Recreate Table 1 using Insert → PivotTable — do both methods!
B35: STEP 5 | 5. Charts
B36: Chart 1 | C36: Column chart — Branch portfolio comparison
B37: Chart 2 | C37: Pie chart — Product category split (Deposits vs Loans vs Cards)
B38: Chart 3 | C38: Line chart — Monthly portfolio trend
B39: Chart 4 | C39: Horizontal bar — Risk level comparison
B40: Best practice | C40: Always add: chart title, axis labels, and consistent colour scheme
B42: STEP 6 | 6. Dashboard
B43: KPI Cards | C43: 4 headline numbers — every finance dashboard starts with these
B44: Mini-tables | C44: Branch, Category, Risk breakdowns — linked to Clean Data automatically
B45: Dynamic | C45: Change any number in Clean Data — Dashboard updates instantly. This impresses!
B46: Screenshot it | C46: Take a screenshot for your CV, LinkedIn, and GitHub portfolio page
B48: INTERVIEW CHEAT SHEET
B49: Data Cleaning | C49: "I found 5 data quality issues and used TRIM, PROPER, and IFERROR to fix them"
B50: SUMIF/COUNTIF | C50: "I used SUMIF and COUNTIF to aggregate 400 transactions by branch and risk level"
B51: SUMPRODUCT | C51: "I built multi-dimensional pivot tables using SUMPRODUCT with multiple conditions"
B52: Dashboard | C52: "The dashboard is fully dynamic — formulas link back to the clean data"
B53: Finance angle | C53: "I calculated monthly payment amounts using the PMT formula and tracked MoM portfolio growth"
B55: NEXT STEPS (Level Up)
B56: Add Slicers | C56: Insert → Slicer on a PivotTable for interactive filtering
B57: Power Query | C57: Use Get & Transform Data to automate the cleaning steps
B58: IF + AND/OR | C58: Try: =IF(AND(L2>100000, K2="High"), "Flag", "OK") — risk flagging
B59: VLOOKUP | C59: Add a product rate lookup table and use VLOOKUP to pull default rates
B60: Sparklines | C60: Insert tiny charts inside cells in the monthly trend table

Sheet 1. Raw Data
A1: BANK TRANSACTION DATA — RAW (Contains Data Quality Issues)
A2: Transaction ID | B2: Date | C2: Branch | D2: Product | E2: Category | F2: Relationship Manager | G2: Status | H2: Risk Level | I2: Amount ($) | J2: Interest Rate (%) | K2: Term (Months) | L2: Customer Age | M2: Customer Segment
A3: TXN-100001 | B3: 2024-04-08 | C3: Eastgate | D3: Business Loan | E3: Loans | F3: James Patel | G3: Active | H3: Low | I3: 33744.48 | J3: 3.5 | K3: 120 | L3: 55 | M3: Standard
A4: TXN-100002 | B4: 2024-11-07 | C4: Eastgate | D4: Mortgage | E4: Loans | F4: Maria Lopez | G4: Pending | H4: Medium | I4: 38493 | J4: 10.1 | K4: 360 | L4: 43 | M4: Standard
A5: TXN-100003 | B5: 2024-01-14 | C5: Westside | D5: Business Loan | E5: Loans | F5: Sarah Chen | G5: Active | H5: High | I5: 51339.22 | J5: 13.88 | K5: 240 | L5: 27 | M5: Standard
A6: TXN-100004 | B6: 2024-12-26 | C6: Westside | D6: Personal Loan | E6: Loans | F6: James Patel | G6: Inactive | H6: Low | J6: 13.14 | K6: 24 | L6: 54 | M6: Premium
A7: TXN-100005 | B7: 2024-03-10 | C7: Eastgate | D7: Savings Account | E7: Deposits | F7: David Kim | G7: Inactive | H7: Low | I7: 154539.02 | J7: 6.88 | K7: 24 | L7: 55 | M7: Premium
A8: TXN-100006 | B8: 2024-06-23 | C8: Eastgate | D8: Credit Card | E8: Cards | F8: Rachel Moore | G8: Active | H8: Low | I8: 119297.77 | J8: 3.14 | K8: 360 | L8: 71 | M8: Premium
A9: TXN-100007 | B9: 2024-03-07 | C9: Uptown | D9: Credit Card | E9: Cards | F9: James Patel | G9: Active | H9: Medium | I9: 220167.46 | J9: 6.17 | K9: 180 | L9: 73 | M9: Premium
A10: TXN-100008 | B10: 2024-06-07 | C10: Downtown | D10: Credit Card | E10: Cards | F10: Sarah Chen | G10: Active | H10: Low | I10: 94555.08 | J10: 6.37 | K10: 120 | L10: 46 | M10: Standard
A11: TXN-100009 | B11: 2024-11-08 | C11: Westside | D11: Business Loan | E11: Loans | F11: David Kim | G11: Active | H11: Medium | I11: 163514.23 | J11: 6.07 | K11: 60 | L11: 35 | M11: Premium
A12: TXN-100010 | B12: 2024-02-17 | C12: Eastgate | D12: Savings Account | E12: Deposits | F12: David Kim | G12: Active | H12: Medium | I12: 73610.93 | J12: 10.38 | K12: 60 | L12: 72 | M12: Standard
A13: TXN-100011 | B13: 2024-07-22 | C13: Westside | D13: Business Loan | E13: Loans | F13: Rachel Moore | G13: Active | H13: Medium | I13: 169748.38 | J13: 12.42 | K13: 360 | L13: 64 | M13: Premium
A14: TXN-100012 | B14: 2024-11-22 | C14: Downtown | D14: Auto Loan | E14: Loans | F14: Maria Lopez | G14: Pending | H14: Low | I14: 43328.88 | J14: 9.86 | K14: 120 | L14: 69 | M14: Standard
A15: TXN-100013 | B15: 2024-04-01 | C15: Eastgate | D15: Checking Account | E15: Deposits | F15: Sarah Chen | G15: Active | H15: High | I15: 130763.98 | J15: 13.42 | K15: 24 | L15: 54 | M15: Premium
A16: TXN-100014 | B16: 2024-11-27 | C16: EASTGATE | D16: Fixed Deposit | E16: Deposits | F16: Rachel Moore | G16: Active | H16: High | I16: 191377.88 | J16: 11.34 | K16: 36 | L16: 69 | M16: Premium
A17: TXN-100015 | B17: 2024-11-23 | C17: Downtown | D17: Business Loan | E17: Loans | F17: Maria Lopez | G17: Active | H17: High | I17: 147208.83 | J17: 5.89 | K17: 12 | L17: 72 | M17: Premium
A18: TXN-100016 | B18: 2024-12-06 | C18: Uptown | D18: Fixed Deposit | E18: Deposits | F18: David Kim | G18: Active | H18: High | I18: 90279.87 | J18: 4.89 | K18: 180 | L18: 58 | M18: Standard
... A31: TXN-100029 | B31: 2024-04-22 | C31: Northpark | D31: Savings Account | E31: Deposits | F31: James Patel | G31: Active | H31: High | I31: 176395.17 | J31: 7.05 | K31: 240 | L31: 26 | M31: Premium
A32: TXN-100030 | B32: 2024-06-07 | C32: Downtown | D32: Checking Account | E32: Deposits | F32: Sarah Chen | G32: Active | H32: Low | J32: 10.12 | K32: 24 | L32: 39 | M32: Premium
A33: TXN-100031 | B33: 2024-07-05 | C33: Uptown | D33: Auto Loan | E33: Loans | F33: Sarah Chen | G33: Active | H33: Medium | I33: 174300.23 | J33: 8.6 | K33: 36 | L33: 50 | M33: Premium
A34: TXN-100032 | B34: 2024-07-08 | C34: Downtown | D34: Business Loan | E34: Loans | F34: Sarah Chen | G34: Active | H34: Medium | I34: 134809.56 | J34: 11.47 | K34: 6 | L34: 23 | M34: Premium
A35: TXN-100033 | B35: 2024-02-23 | C35: Downtown | D35: Checking Account | E35: Deposits | F35: David Kim | G35: Active | H35: Medium | I35: 211082.87 | J35: 10.86 | K35: 180 | L35: 49 | M35: Premium
A36: TXN-100034 | B36: 2024-04-03 | C36: Westside | D36: Auto Loan | E36: Loans | F36: Sarah Chen | G36: Active | H36: High | I36: 232615.16 | J36: 5.03 | K36: 60 | L36: 61 | M36: Premium
A37: TXN-100035 | B37: 2024-12-09 | C37: Eastgate | D37: Fixed Deposit | E37: Deposits | F37: Rachel Moore | G37: Active | H37: High | I37: 19870.29 | J37: 6.91 | K37: 6 | L37: 40 | M37: Basic
A38: TXN-100036 | B38: 2024-02-10 | C38: Westside | D38: Mortgage | E38: Loans | F38: Rachel Moore | G38: Inactive | H38: High | I38: 99894.86 | J38: 4.9 | K38: 360 | L38: 39 | M38: Standard
A39: TXN-100037 | B39: 2024-07-07 | C39: DOWNTOWN | D39: Checking Account | E39: Deposits | F39: Rachel Moore | G39: Active | H39: Low | I39: 106129.92 | J39: 10.12 | K39: 360 | L39: 59 | M39: Premium
A40: TXN-100038 | B40: 2024-03-27 | C40: Downtown | D40: Checking Account | E40: Deposits | F40: David Kim | G40: Pending | H40: Medium | I40: 34141.6 | J40: 11.4 | K40: 48 | L40: 33 | M40: Standard
A41: TXN-100039 | B41: 2024-05-09 | C41: Eastgate | D41: Savings Account | E41: Deposits | F41: Sarah Chen | G41: Active | H41: High | I41: 212293.98 | J41: 10.86 | K41: 48 | L41: 68 | M41: Premium
A42: TXN-100040 | B42: 2024-04-28 | C42: Eastgate | D42: Personal Loan | E42: Loans | F42: Maria Lopez | G42: Active | H42: Medium | I42: 249203.95 | J42: 11.35 | K42: 48 | L42: 75 | M42: Premium
A43: TXN-100041 | B43: 2024-09-08 | C43: Uptown | D43: Mortgage | E43: Loans | F43: Maria Lopez | G43: Active | H43: Low | I43: 153606.39 | J43: 9.42 | K43: 12 | L43: 36 | M43: Premium
A44: TXN-100042 | B44: 2024-07-15 | C44: Eastgate | D44: Savings Account | E44: Deposits | F44: Sarah Chen | G44: Active | H44: Low | I44: 27111.12 | J44: 2.56 | K44: 12 | L44: 71 | M44: Standard
... A56: TXN-100054 | B56: 2024-09-27 | C56: Downtown | D56: Auto Loan | E56: Loans | F56: Rachel Moore | G56: Pending | H56: Medium | I56: 50622.52 | J56: 7.27 | K56: 48 | L56: 33 | M56: Standard
A57: TXN-100055 | B57: 2024-03-25 | C57: Westside | D57: Credit Card | E57: Cards | F57: David Kim | G57: Active | H57: High | I57: 243887.25 | K57: 36 | L57: 33 | M57: Premium
A58: TXN-100056 | B58: 2024-07-12 | C58: Northpark | D58: Mortgage | E58: Loans | F58: Maria Lopez | G58: Active | H58: Medium | I58: 100573.87 | J58: 12.67 | K58: 60 | L58: 72 | M58: Premium
A59: TXN-100057 | B59: 2024-03-23 | C59: Eastgate | D59: Auto Loan | E59: Loans | F59: James Patel | G59: Active | H59: High | I59: 154461.28 | J59: 8.29 | K59: 240 | L59: 64 | M59: Premium
A60: TXN-100058 | B60: 2024-06-07 | C60: Eastgate | D60: Auto Loan | E60: Loans | F60: David Kim | G60: Active | H60: Medium | I60: 176157.79 | J60: 3.53 | K60: 36 | L60: 72 | M60: Premium
A61: TXN-100059 | B61: 2024-12-02 | C61: Uptown | D61: Auto Loan | E61: Loans | F61: Sarah Chen | G61: Active | H61: Low | I61: 21996.18 | J61: 7.91 | K61: 36 | L61: 68 | M61: Basic
A62: TXN-100060 | B62: 2024-06-09 | C62: Northpark | D62: Business Loan | E62: Loans | F62: Rachel Moore | G62: Pending | H62: Medium | I62: 184311.2 | J62: 4.44 | K62: 24 | L62: 52 | M62: Premium
A63: TXN-100061 | B63: 2024-08-20 | C63: Eastgate | D63: Fixed Deposit | E63: Deposits | F63: James Patel | G63: Active | H63: High | I63: 149148.93 | J63: 8.66 | K63: 360 | L63: 51 | M63: Premium
A64: TXN-100062 | B64: 2024-01-13 | C64: Eastgate | D64: Mortgage | E64: Loans | F64: Sarah Chen | G64: Active | H64: Medium | I64: 109274.49 | J64: 13.39 | K64: 6 | L64: 68 | M64: Premium
A65: TXN-100063 | B65: 2024-12-07 | C65: Eastgate | D65: Checking Account | E65: Deposits | F65: Sarah Chen | G65: Active | H65: High | I65: 33892.5 | J65: 5.04 | K65: 48 | L65: 23 | M65: Standard
A66: TXN-100064 | B66: 2024-04-17 | C66: Downtown | D66: Mortgage | E66: Loans | F66: James Patel | G66: Active | H66: Low | I66: 188461.69 | J66: 4.61 | K66: 48 | L66: 52 | M66: Premium
A67: TXN-100065 | B67: 2024-10-02 | C67: Westside | D67: Checking Account | E67: Deposits | F67: David Kim | G67: Active | H67: Low | I67: 205594.46 | J67: 13.26 | K67: 36 | L67: 73 | M67: Premium
A68: TXN-100066 | B68: 2024-06-21 | C68: Westside | D68: Auto Loan | E68: Loans | F68: James Patel | G68: Inactive | H68: Medium | I68: 75749.14 | J68: 9.91 | K68: 180 | L68: 22 | M68: Standard
A69: TXN-100067 | B69: 2024-03-12 | C69: Downtown | D69: Business Loan | E69: Loans | F69: Maria Lopez | G69: Inactive | H69: Low | I69: 90056.17 | J69: 9.28 | K69: 48 | L69: 42 | M69: Standard
... A74: TXN-100072 | B74: 2024-08-09 | C74: Uptown | D74: Mortgage | E74: Loans | F74: David Kim | G74: Pending | H74: High | I74: 104374.7 | J74: 12.43 | K74: 36 | L74: 50 | M74: Premium
A75: TXN-100073 | B75: 2024-02-18 | C75: Uptown | D75: Auto Loan | E75: Loans | F75: David Kim | G75: Pending | H75: Low | J75: 2.94 | K75: 6 | L75: 34 | M75: Premium
A76: TXN-100074 | B76: 2024-02-03 | C76: Downtown | D76: Mortgage | E76: Loans | F76: Sarah Chen | G76: Active | H76: Low | I76: 5239.23 | J76: 12.39 | K76: 48 | L76: 73 | M76: Basic
A77: TXN-100075 | B77: 2024-04-17 | C77: Northpark | D77: Checking Account | E77: Deposits | F77: David Kim | G77: Active | H77: Medium | I77: 116048.27 | J77: 13.12 | K77: 60 | L77: 33 | M77: Premium
A78: TXN-100076 | B78: 2024-06-24 | C78: Uptown | D78: Mortgage | E78: Loans | F78: Sarah Chen | G78: Active | H78: High | I78: 163134.16 | J78: 9.54 | K78: 12 | L78: 39 | M78: Premium
A79: TXN-100077 | B79: 2024-03-21 | C79: Eastgate | D79: Savings Account | E79: Deposits | F79: James Patel | G79: Active | H79: Low | I79: 106818.83 | J79: 3.39 | K79: 48 | L79: 27 | M79: Premium
A80: TXN-100078 | B80: 2024-05-24 | C80: Downtown | D80: Fixed Deposit | E80: Deposits | F80: Rachel Moore | G80: Active | H80: High | I80: 144551.81 | J80: 5.42 | K80: 180 | L80: 30 | M80: Premium
A81: TXN-100079 | B81: 2024-03-03 | C81: Eastgate | D81: Mortgage | E81: Loans | F81: Rachel Moore | G81: Active | H81: Low | I81: 217149.14 | J81: 9.89 | K81: 24 | L81: 60 | M81: Premium
A82: TXN-100080 | B82: 2024-11-12 | C82: Westside | D82: Checking Account | E82: Deposits | F82: Maria Lopez | G82: Active | H82: Low | I82: 219618.41 | J82: 9.38 | K82: 12 | L82: 60 | M82: Premium
A83: TXN-100081 | B83: 2024-03-11 | C83: Uptown | D83: Fixed Deposit | E83: Deposits | F83: Maria Lopez | G83: Active | H83: Medium | I83: 93455.9 | J83: 5.29 | K83: 48 | L83: 39 | M83: Standard
A84: TXN-100082 | B84: 2024-08-28 | C84: Northpark | D84: Personal Loan | E84: Loans | F84: David Kim | G84: Active | H84: Medium | I84: 224998.07 | J84: 4.97 | K84: 360 | L84: 41 | M84: Premium
A85: TXN-100083 | B85: 2024-05-18 | C85: Downtown | D85: Business Loan | E85: Loans | F85: James Patel | G85: Active | H85: High | I85: 22988.44 | J85: 6.97 | K85: 240 | L85: 58 | M85: Basic
A86: TXN-100084 | B86: 2024-07-10 | C86: Northpark | D86: Savings Account | E86: Deposits | F86: David Kim | G86: Active | H86: High | I86: 166395.66 | K86: 120 | L86: 71 | M86: Premium
A87: TXN-100085 | B87: 2024-10-12 | C87: Downtown | D87: Fixed Deposit | E87: Deposits | F87: Rachel Moore | G87: Pending | H87: High | I87: 61441.4 | J87: 6.22 | K87: 6 | L87: 63 | M87: Standard
A88: TXN-100086 | B88: 2024-01-10 | C88: Northpark | D88: Mortgage | E88: Loans | F88: James Patel | G88: Active | H88: Medium | I88: 55000.03 | J88: 11.92 | K88: 180 | L88: 75 | M88: Standard
A89: TXN-100087 | B89: 2024-07-23 | C89: Downtown | D89: Savings Account | E89: Deposits | F89: David Kim | G89: Active | H89: High | I89: 156075.28 | J89: 4.91 | K89: 120 | L89: 41 | M89: Premium
A90: TXN-100088 | B90: 2024-02-03 | C90: Eastgate | D90: Personal Loan | E90: Loans | F90: James Patel | G90: Pending | H90: High | I90: 100150.09 | J90: 8.39 | K90: 180 | L90: 34 | M90: Premium
A91: TXN-100089 | B91: 2024-12-08 | C91: Northpark | D91: Auto Loan | E91: Loans | F91: James Patel | G91: Active | H91: Low | I91: 35864.82 | J91: 7.84 | K91: 48 | L91: 45 | M91: Standard
A92: TXN-100090 | B92: 2024-09-02 | C92: Eastgate | D92: Checking Account | E92: Deposits | F92: David Kim | G92: Inactive | H92: Medium | J92: 13.26 | K92: 180 | L92: 59 | M92: Premium
A93: TXN-100091 | B93: 2024-06-13 | C93: Uptown | D93: Business Loan | E93: Loans | F93: James Patel | G93: Active | H93: Low | I93: 162722.74 | J93: 12.93 | K93: 60 | L93: 66 | M93: Premium
A94: TXN-100092 | B94: 2024-01-11 | C94: Uptown | D94: Business Loan | E94: Loans | F94: Rachel Moore | G94: Active | H94: Low | I94: 134405.33 | J94: 4.74 | K94: 60 | L94: 29 | M94: Premium
A95: TXN-100093 | B95: 2024-09-02 | C95: Uptown | D95: Checking Account | E95: Deposits | F95: Sarah Chen | G95: Pending | H95: High | I95: 130973.62 | J95: 12.93 | K95: 60 | L95: 54 | M95: Premium
A96: TXN-100094 | B96: 2024-11-13 | C96: Eastgate | D96: Personal Loan | E96: Loans | F96: James Patel | G96: Pending | H96: Medium | I96: 82473.69 | J96: 4.72 | K96: 48 | L96: 58 | M96: Standard
A97: TXN-100095 | B97: 2024-04-06 | C97: Northpark | D97: Savings Account | E97: Deposits | F97: David Kim | G97: Active | H97: Low | I97: 179034.87 | J97: 7.96 | K97: 12 | L97: 52 | M97: Premium
A98: TXN-100096 | B98: 2024-03-13 | C98: Northpark | D98: Personal Loan | E98: Loans | F98: Sarah Chen | G98: Pending | H98: High | I98: 57669.37 | J98: 5.1 | K98: 24 | L98: 62 | M98: Standard
A99: TXN-100097 | B99: 2024-02-17 | C99: Eastgate | D99: Fixed Deposit | E99: Deposits | F99: Rachel Moore | G99: Pending | H99: Medium | I99: 125159.63 | K99: 6 | L99: 65 | M99: Premium
A100: TXN-100098 | B100: 2024-09-14 | C100: Uptown | D100: Business Loan | E100: Loans | F100: Rachel Moore | G100: Active | H100: Medium | I100: 195749.99 | J100: 12.76 | K100: 120 | L100: 68 | M100: Premium
A101: TXN-100099 | B101: 2024-01-18 | C101: Westside | D101: Personal Loan | E101: Loans | F101: Rachel Moore | G101: Active | H101: Low | I101: 88365.2 | J101: 2.92 | K101: 48 | L101: 38 | M101: Standard
A102: TXN-100100 | B102: 2024-09-04 | C102: Northpark | D102: Savings Account | E102: Deposits | F102: Rachel Moore | G102: Pending | H102: Medium | I102: 75654.53 | J102: 3.63 | K102: 180 | L102: 36 | M102: Standard
A103: TXN-100101 | B103: 2024-10-25 | C103: Westside | D103: Credit Card | E103: Cards | F103: David Kim | G103: Active | H103: Low | I103: 122920.91 | J103: 4.65 | K103: 240 | L103: 59 | M103: Premium
A104: TXN-100102 | B104: 2024-02-08 | C104: Northpark | D104: Checking Account | E104: Deposits | F104: James Patel | G104: Active | H104: Low | I104: 86422.63 | J104: 7.65 | K104: 36 | L104: 59 | M104: Standard
A105: TXN-100103 | B105: 2024-02-01 | C105: Eastgate | D105: Auto Loan | E105: Loans | F105: Maria Lopez | G105: Pending | H105: Medium | I105: 237778.74 | J105: 3.05 | K105: 120 | L105: 38 | M105: Premium
A106: TXN-100104 | B106: 2024-06-19 | C106: Northpark | D106: Checking Account | E106: Deposits | F106: Sarah Chen | G106: Active | H106: High | I106: 211360.26 | K106: 120 | L106: 33 | M106: Premium
A107: TXN-100105 | B107: 2024-04-18 | C107: Downtown | D107: Business Loan | E107: Loans | F107: David Kim | G107: Active | H107: Medium | I107: 56297.57 | J107: 7.33 | K107: 360 | L107: 39 | M107: Standard
A108: TXN-100106 | B108: 2024-11-20 | C108: Downtown | D108: Checking Account | E108: Deposits | F108: Sarah Chen | G108: Active | H108: High | I108: 12498.44 | J108: 12.15 | K108: 120 | L108: 33 | M108: Basic
A109: TXN-100107 | B109: 2024-03-09 | C109: Uptown | D109: Auto Loan | E109: Loans | F109: David Kim | G109: Active | H109: Medium | I109: 100903.22 | J109: 7.65 | K109: 120 | L109: 51 | M109: Premium
A110: TXN-100108 | B110: 2024-03-12 | C110: Northpark | D110: Mortgage | E110: Loans | F110: David Kim | G110: Inactive | H110: High | I110: 54320.95 | J110: 10.9 | K110: 240 | L110: 48 | M110: Standard
A111: TXN-100109 | B111: 2024-05-04 | C111: Westside | D111: Auto Loan | E111: Loans | F111: James Patel | G111: Active | H111: Low | I111: 74728.46 | J111: 5.9 | K111: 120 | L111: 65 | M111: Standard
A112: TXN-100110 | B112: 2024-10-15 | C112: Eastgate | D112: Personal Loan | E112: Loans | F112: David Kim | G112: Active | H112: Medium | I112: 58269.31 | J112: 2.81 | K112: 180 | L112: 59 | M112: Standard
A113: TXN-100111 | B113: 2024-05-08 | C113: Westside | D113: Fixed Deposit | E113: Deposits | F113: Rachel Moore | G113: Active | H113: High | I113: 171599.37 | J113: 10.58 | K113: 60 | L113: 59 | M113: Premium
A114: TXN-100112 | B114: 2024-09-28 | C114: Uptown | D114: Mortgage | E114: Loans | F114: Sarah Chen | G114: Active | H114: High | I114: 233579.19 | J114: 4.98 | K114: 60 | L114: 31 | M114: Premium
A115: TXN-100113 | B115: 2024-09-12 | C115: Westside | D115: Credit Card | E115: Cards | F115: Sarah Chen | G115: Active | H115: Low | I115: 159161.46 | J115: 7.16 | K115: 36 | L115: 42 | M115: Premium
A116: TXN-100114 | B116: 2024-09-04 | C116: Downtown | D116: Auto Loan | E116: Loans | F116: Rachel Moore | G116: Active | H116: Medium | I116: 207985.53 | J116: 4.1 | K116: 120 | L116: 51 | M116: Premium
A117: TXN-100115 | B117: 2024-05-04 | C117: Eastgate | D117: Business Loan | E117: Loans | F117: James Patel | G117: Active | H117: Medium | I117: 214763.43 | J117: 9.21 | K117: 24 | L117: 53 | M117: Premium
A118: TXN-100116 | B118: 2024-01-01 | C118: Eastgate | D118: Savings Account | E118: Deposits | F118: Sarah Chen | G118: Active | H118: Medium | I118: 245629.42 | J118: 9.17 | K118: 6 | L118: 49 | M118: Premium
... A131: TXN-100129 | B131: 2024-12-15 | C131: Downtown | D131: Personal Loan | E131: Loans | F131: Maria Lopez | G131: Active | H131: Low | I131: 112005.76 | J131: 5.17 | K131: 120 | L131: 37 | M131: Premium
A132: TXN-100130 | B132: 2024-03-11 | C132: Uptown | D132: Savings Account | E132: Deposits | F132: Sarah Chen | G132: Inactive | H132: High | I132: 175607.82 | K132: 60 | L132: 25 | M132: Premium
A133: TXN-100131 | B133: 2024-03-14 | C133: Westside | D133: Fixed Deposit | E133: Deposits | F133: Rachel Moore | G133: Inactive | H133: Medium | I133: 163562.26 | J133: 7.91 | K133: 360 | L133: 34 | M133: Premium
A134: TXN-100132 | B134: 2024-08-28 | C134: Downtown | D134: Savings Account | E134: Deposits | F134: James Patel | G134: Pending | H134: Medium | I134: 182489.66 | J134: 9.11 | K134: 360 | L134: 63 | M134: Premium
A135: TXN-100133 | B135: 2024-07-15 | C135: Downtown | D135: Credit Card | E135: Cards | F135: Maria Lopez | G135: Inactive | H135: Low | I135: 52847.73 | J135: 7.34 | K135: 6 | L135: 33 | M135: Standard
A136: TXN-100134 | B136: 2024-02-11 | C136: Uptown | D136: Mortgage | E136: Loans | F136: David Kim | G136: Inactive | H136: Medium | I136: 109087.66 | J136: 12.78 | K136: 180 | L136: 75 | M136: Premium
A137: TXN-100135 | B137: 2024-06-27 | C137: Downtown | D137: Personal Loan | E137: Loans | F137: Sarah Chen | G137: Inactive | H137: High | I137: 214799.34 | J137: 5.25 | K137: 12 | L137: 73 | M137: Premium
A138: TXN-100136 | B138: 2024-02-15 | C138: Uptown | D138: Credit Card | E138: Cards | F138: Rachel Moore | G138: Active | H138: Medium | I138: 145495.17 | J138: 12.18 | K138: 48 | L138: 35 | M138: Premium
A139: TXN-100137 | B139: 2024-04-02 | C139: Downtown | D139: Auto Loan | E139: Loans | F139: David Kim | G139: Active | H139: Low | I139: 120497.77 | J139: 8.44 | K139: 360 | L139: 65 | M139: Premium
...

Sheet 2. Clean Data
A1: BANK TRANSACTION DATA — CLEANED & ENRICHED
A2: Transaction ID | B2: Date | C2: Month | D2: Quarter | E2: Year | F2: Branch | G2: Product | H2: Category | I2: Relationship Manager | J2: Status | K2: Risk Level | L2: Amount ($) | M2: Interest Rate (%) | N2: Term (Months) | O2: Monthly Payment ($) | P2: Customer Age | Q2: Customer Segment
A3: ='1. Raw Data'!A3 -> TXN-100001 | B3: =IFERROR(DATEVALUE('1. Raw Data'!B3),"") -> 45390 | C3: =IFERROR(TEXT(B3,"mmm"),"") -> Apr | D3: =IFERROR("Q"&INT((MONTH(B3)-1)/3+1),"") -> Q2 | E3: =IFERROR(YEAR(B3),"") -> 2024 | F3: =PROPER(TRIM('1. Raw Data'!C3)) -> Eastgate | G3: =TRIM('1. Raw Data'!D3) -> Business Loan | H3: =TRIM('1. Raw Data'!E3) -> Loans | I3: =TRIM('1. Raw Data'!F3) -> James Patel | J3: =PROPER(TRIM('1. Raw Data'!G3)) -> Active | K3: =TRIM('1. Raw Data'!H3) -> Low | L3: =IFERROR(IF('1. Raw Data'!I3="",AVERAGE(IF('1. Raw Data'!I3:I402<>"",'1. Raw Data'!I3:I402)),VALUE('1. Raw Data'!I3)),0) -> 33744.48 | M3: =IFERROR(IF('1. Raw Data'!J3="",AVERAGE(IF('1. Raw Data'!J3:J402<>"",'1. Raw Data'!J3:J402)),VALUE('1. Raw Data'!J3)),0) -> 3.5 | N3: ='1. Raw Data'!K3 -> 120 | O3: =IFERROR(IF(M3=0,0,(L3*(M3/100/12))/(1-(1+M3/100/12)^(-N3))),0) -> 333.68522 | P3: ='1. Raw Data'!L3 -> 55 | Q3: =TRIM('1. Raw Data'!M3) -> Standard
A4: ='1. Raw Data'!A4 -> TXN-100002 | B4: =IFERROR(DATEVALUE('1. Raw Data'!B4),"") -> 45603 | C4: =IFERROR(TEXT(B4,"mmm"),"") -> Nov | D4: =IFERROR("Q"&INT((MONTH(B4)-1)/3+1),"") -> Q4 | E4: =IFERROR(YEAR(B4),"") -> 2024 | F4: =PROPER(TRIM('1. Raw Data'!C4)) -> Eastgate | G4: =TRIM('1. Raw Data'!D4) -> Mortgage | H4: =TRIM('1. Raw Data'!E4) -> Loans | I4: =TRIM('1. Raw Data'!F4) -> Maria Lopez | J4: =PROPER(TRIM('1. Raw Data'!G4)) -> Pending | K4: =TRIM('1. Raw Data'!H4) -> Medium | L4: =IFERROR(IF('1. Raw Data'!I4="",AVERAGE(IF('1. Raw Data'!I3:I402<>"",'1. Raw Data'!I3:I402)),VALUE('1. Raw Data'!I4)),0) -> 38493 | M4: =IFERROR(IF('1. Raw Data'!J4="",AVERAGE(IF('1. Raw Data'!J3:J402<>"",'1. Raw Data'!J3:J402)),VALUE('1. Raw Data'!J4)),0) -> 10.1 | N4: ='1. Raw Data'!K4 -> 360 | O4: =IFERROR(IF(M4=0,0,(L4*(M4/100/12))/(1-(1+M4/100/12)^(-N4))),0) -> 340.65158 | P4: ='1. Raw Data'!L4 -> 43 | Q4: =TRIM('1. Raw Data'!M4) -> Standard
A5: ='1. Raw Data'!A5 -> TXN-100003 | B5: =IFERROR(DATEVALUE('1. Raw Data'!B5),"") -> 45305 | C5: =IFERROR(TEXT(B5,"mmm"),"") -> Jan | D5: =IFERROR("Q"&INT((MONTH(B5)-1)/3+1),"") -> Q1 | E5: =IFERROR(YEAR(B5),"") -> 2024 | F5: =PROPER(TRIM('1. Raw Data'!C5)) -> Westside | G5: =TRIM('1. Raw Data'!D5) -> Business Loan | H5: =TRIM('1. Raw Data'!E5) -> Loans | I5: =TRIM('1. Raw Data'!F5) -> Sarah Chen | J5: =PROPER(TRIM('1. Raw Data'!G5)) -> Active | K5: =TRIM('1. Raw Data'!H5) -> High | L5: =IFERROR(IF('1. Raw Data'!I5="",AVERAGE(IF('1. Raw Data'!I3:I402<>"",'1. Raw Data'!I3:I402)),VALUE('1. Raw Data'!I5)),0) -> 51339.22 | M5: =IFERROR(IF('1. Raw Data'!J5="",AVERAGE(IF('1. Raw Data'!J3:J402<>"",'1. Raw Data'!J3:J402)),VALUE('1. Raw Data'!J5)),0) -> 13.88 | N5: ='1. Raw Data'!K5 -> 240 | O5: =IFERROR(IF(M5=0,0,(L5*(M5/100/12))/(1-(1+M5/100/12)^(-N5))),0) -> 633.94437 | P5: ='1. Raw Data'!L5 -> 27 | Q5: =TRIM('1. Raw Data'!M5) -> Standard
A6: ='1. Raw Data'!A6 -> TXN-100004 | B6: =IFERROR(DATEVALUE('1. Raw Data'!B6),"") -> 45652 | C6: =IFERROR(TEXT(B6,"mmm"),"") -> Dec | D6: =IFERROR("Q"&INT((MONTH(B6)-1)/3+1),"") -> Q4 | E6: =IFERROR(YEAR(B6),"") -> 2024 | F6: =PROPER(TRIM('1. Raw Data'!C6)) -> Westside | G6: =TRIM('1. Raw Data'!D6) -> Personal Loan | H6: =TRIM('1. Raw Data'!E6) -> Loans | I6: =TRIM('1. Raw Data'!F6) -> James Patel | J6: =PROPER(TRIM('1. Raw Data'!G6)) -> Inactive | K6: =TRIM('1. Raw Data'!H6) -> Low | L6: =IFERROR(IF('1. Raw Data'!I6="",AVERAGE(IF('1. Raw Data'!I3:I402<>"",'1. Raw Data'!I3:I402)),VALUE('1. Raw Data'!I6)),0) -> 0 | M6: =IFERROR(IF('1. Raw Data'!J6="",AVERAGE(IF('1. Raw Data'!J3:J402<>"",'1. Raw Data'!J3:J402)),VALUE('1. Raw Data'!J6)),0) -> 13.14 | N6: ='1. Raw Data'!K6 -> 24 | O6: =IFERROR(IF(M6=0,0,(L6*(M6/100/12))/(1-(1+M6/100/12)^(-N6))),0) -> 0 | P6: ='1. Raw Data'!L6 -> 54 | Q6: =TRIM('1. Raw Data'!M6) -> Premium
A7: ='1. Raw Data'!A7 -> TXN-100005 | B7: =IFERROR(DATEVALUE('1. Raw Data'!B7),"") -> 45361 | C7: =IFERROR(TEXT(B7,"mmm"),"") -> Mar | D7: =IFERROR("Q"&INT((MONTH(B7)-1)/3+1),"") -> Q1 | E7: =IFERROR(YEAR(B7),"") -> 2024 | F7: =PROPER(TRIM('1. Raw Data'!C7)) -> Eastgate | G7: =TRIM('1. Raw Data'!D7) -> Savings Account | H7: =TRIM('1. Raw Data'!E7) -> Deposits | I7: =TRIM('1. Raw Data'!F7) -> David Kim | J7: =PROPER(TRIM('1. Raw Data'!G7)) -> Inactive | K7: =TRIM('1. Raw Data'!H7) -> Low | L7: =IFERROR(IF('1. Raw Data'!I7="",AVERAGE(IF('1. Raw Data'!I3:I402<>"",'1. Raw Data'!I3:I402)),VALUE('1. Raw Data'!I7)),0) -> 154539.02 | M7: =IFERROR(IF('1. Raw Data'!J7="",AVERAGE(IF('1. Raw Data'!J3:J402<>"",'1. Raw Data'!J3:J402)),VALUE('1. Raw Data'!J7)),0) -> 6.88 | N7: ='1. Raw Data'!K7 -> 24 | O7: =IFERROR(IF(M7=0,0,(L7*(M7/100/12))/(1-(1+M7/100/12)^(-N7))),0) -> 6910.7065 | P7: ='1. Raw Data'!L7 -> 55 | Q7: =TRIM('1. Raw Data'!M7) -> Premium
A8: ='1. Raw Data'!A8 -> TXN-100006 | B8: =IFERROR(DATEVALUE('1. Raw Data'!B8),"") -> 45466 | C8: =IFERROR(TEXT(B8,"mmm"),"") -> Jun | D8: =IFERROR("Q"&INT((MONTH(B8)-1)/3+1),"") -> Q2 | E8: =IFERROR(YEAR(B8),"") -> 2024 | F8: =PROPER(TRIM('1. Raw Data'!C8)) -> Eastgate | G8: =TRIM('1. Raw Data'!D8) -> Credit Card | H8: =TRIM('1. Raw Data'!E8) -> Cards | I8: =TRIM('1. Raw Data'!F8) -> Rachel Moore | J8: =PROPER(TRIM('1. Raw Data'!G8)) -> Active | K8: =TRIM('1. Raw Data'!H8) -> Low | L8: =IFERROR(IF('1. Raw Data'!I8="",AVERAGE(IF('1. Raw Data'!I3:I402<>"",'1. Raw Data'!I3:I402)),VALUE('1. Raw Data'!I8)),0) -> 119297.77 | M8: =IFERROR(IF('1. Raw Data'!J8="",AVERAGE(IF('1. Raw Data'!J3:J402<>"",'1. Raw Data'!J3:J402)),VALUE('1. Raw Data'!J8)),0) -> 3.14 | N8: ='1. Raw Data'!K8 -> 360 | O8: =IFERROR(IF(M8=0,0,(L8*(M8/100/12))/(1-(1+M8/100/12)^(-N8))),0) -> 512.01652 | P8: ='1. Raw Data'!L8 -> 71 | Q8: =TRIM('1. Raw Data'!M8) -> Premium
A9: ='1. Raw Data'!A9 -> TXN-100007 | B9: =IFERROR(DATEVALUE('1. Raw Data'!B9),"") -> 45358 | C9: =IFERROR(TEXT(B9,"mmm"),"") -> Mar | D9: =IFERROR("Q"&INT((MONTH(B9)-1)/3+1),"") -> Q1 | E9: =IFERROR(YEAR(B9),"") -> 2024 | F9: =PROPER(TRIM('1. Raw Data'!C9)) -> Uptown | G9: =TRIM('1. Raw Data'!D9) -> Credit Card | H9: =TRIM('1. Raw Data'!E9) -> Cards | I9: =TRIM('1. Raw Data'!F9) -> James Patel | J9: =PROPER(TRIM('1. Raw Data'!G9)) -> Active | K9: =TRIM('1. Raw Data'!H9) -> Medium | L9: =IFERROR(IF('1. Raw Data'!I9="",AVERAGE(IF('1. Raw Data'!I3:I402<>"",'1. Raw Data'!I3:I402)),VALUE('1. Raw Data'!I9)),0) -> 220167.46 | M9: =IFERROR(IF('1. Raw Data'!J9="",AVERAGE(IF('1. Raw Data'!J3:J402<>"",'1. Raw Data'!J3:J402)),VALUE('1. Raw Data'!J9)),0) -> 6.17 | N9: ='1. Raw Data'!K9 -> 180 | O9: =IFERROR(IF(M9=0,0,(L9*(M9/100/12))/(1-(1+M9/100/12)^(-N9))),0) -> 1878.1799 | P9: ='1. Raw Data'!L9 -> 73 | Q9: =TRIM('1. Raw Data'!M9) -> Premium
A10: ='1. Raw Data'!A10 -> TXN-100008 | B10: =IFERROR(DATEVALUE('1. Raw Data'!B10),"") -> 45450 | C10: =IFERROR(TEXT(B10,"mmm"),"") -> Jun | D10: =IFERROR("Q"&INT((MONTH(B10)-1)/3+1),"") -> Q2 | E10: =IFERROR(YEAR(B10),"") -> 2024 | F10: =PROPER(TRIM('1. Raw Data'!C10)) -> Downtown | G10: =TRIM('1. Raw Data'!D10) -> Credit Card | H10: =TRIM('1. Raw Data'!E10) -> Cards | I10: =TRIM('1. Raw Data'!F10) -> Sarah Chen | J10: =PROPER(TRIM('1. Raw Data'!G10)) -> Active | K10: =TRIM('1. Raw Data'!H10) -> Low | L10: =IFERROR(IF('1. Raw Data'!I10="",AVERAGE(IF('1. Raw Data'!I3:I402<>"",'1. Raw Data'!I3:I402)),VALUE('1. Raw Data'!I10)),0) -> 94555.08 | M10: =IFERROR(IF('1. Raw Data'!J10="",AVERAGE(IF('1. Raw Data'!J3:J402<>"",'1. Raw Data'!J3:J402)),VALUE('1. Raw Data'!J10)),0) -> 6.37 | N10: ='1. Raw Data'!K10 -> 120 | O10: =IFERROR(IF(M10=0,0,(L10*(M10/100/12))/(1-(1+M10/100/12)^(-N10))),0) -> 1067.4101 | P10: ='1. Raw Data'!L10 -> 46 | Q10: =TRIM('1. Raw Data'!M10) -> Standard
A11: ='1. Raw Data'!A11 -> TXN-100009 | B11: =IFERROR(DATEVALUE('1. Raw Data'!B11),"") -> 45604 | C11: =IFERROR(TEXT(B11,"mmm"),"") -> Nov | D11: =IFERROR("Q"&INT((MONTH(B11)-1)/3+1),"") -> Q4 | E11: =IFERROR(YEAR(B11),"") -> 2024 | F11: =PROPER(TRIM('1. Raw Data'!C11)) -> Westside | G11: =TRIM('1. Raw Data'!D11) -> Business Loan | H11: =TRIM('1. Raw Data'!E11) -> Loans | I11: =TRIM('1. Raw Data'!F11) -> David Kim | J11: =PROPER(TRIM('1. Raw Data'!G11)) -> Active | K11: =TRIM('1. Raw Data'!H11) -> Medium | L11: =IFERROR(IF('1. Raw Data'!I11="",AVERAGE(IF('1. Raw Data'!I3:I402<>"",'1. Raw Data'!I3:I402)),VALUE('1. Raw Data'!I11)),0) -> 163514.23 | M11: =IFERROR(IF('1. Raw Data'!J11="",AVERAGE(IF('1. Raw Data'!J3:J402<>"",'1. Raw Data'!J3:J402)),VALUE('1. Raw Data'!J11)),0) -> 6.07 | N11: ='1. Raw Data'!K11 -> 60 | O11: =IFERROR(IF(M11=0,0,(L11*(M11/100/12))/(1-(1+M11/100/12)^(-N11))),0) -> 3166.5131 | P11: ='1. Raw Data'!L11 -> 35 | Q11: =TRIM('1. Raw Data'!M11) -> Premium
A12: ='1. Raw Data'!A12 -> TXN-100010 | B12: =IFERROR(DATEVALUE('1. Raw Data'!B12),"") -> 45339 | C12: =IFERROR(TEXT(B12,"mmm"),"") -> Feb | D12: =IFERROR("Q"&INT((MONTH(B12)-1)/3+1),"") -> Q1 | E12: =IFERROR(YEAR(B12),"") -> 2024 | F12: =PROPER(TRIM('1. Raw Data'!C12)) -> Eastgate | G12: =TRIM('1. Raw Data'!D12) -> Savings Account | H12: =TRIM('1. Raw Data'!E12) -> Deposits | I12: =TRIM('1. Raw Data'!F12) -> David Kim | J12: =PROPER(TRIM('1. Raw Data'!G12)) -> Active | K12: =TRIM('1. Raw Data'!H12) -> Medium | L12: =IFERROR(IF('1. Raw Data'!I12="",AVERAGE(IF('1. Raw Data'!I3:I402<>"",'1. Raw Data'!I3:I402)),VALUE('1. Raw Data'!I12)),0) -> 73610.93 | M12: =IFERROR(IF('1. Raw Data'!J12="",AVERAGE(IF('1. Raw Data'!J3:J402<>"",'1. Raw Data'!J3:J402)),VALUE('1. Raw Data'!J12)),0) -> 10.38 | N12: ='1. Raw Data'!K12 -> 60 | O12: =IFERROR(IF(M12=0,0,(L12*(M12/100/12))/(1-(1+M12/100/12)^(-N12))),0) -> 1577.8137 | P12: ='1. Raw Data'!L12 -> 72 | Q12: =TRIM('1. Raw Data'!M12) -> Standard
A13: ='1. Raw Data'!A13 -> TXN-100011 | B13: =IFERROR(DATEVALUE('1. Raw Data'!B13),"") -> 45495 | C13: =IFERROR(TEXT(B13,"mmm"),"") -> Jul | D13: =IFERROR("Q"&INT((MONTH(B13)-1)/3+1),"") -> Q3 | E13: =IFERROR(YEAR(B13),"") -> 2024 | F13: =PROPER(TRIM('1. Raw Data'!C13)) -> Westside | G13: =TRIM('1. Raw Data'!D13) -> Business Loan | H13: =TRIM('1. Raw Data'!E13) -> Loans | I13: =TRIM('1. Raw Data'!F13) -> Rachel Moore | J13: =PROPER(TRIM('1. Raw Data'!G13)) -> Active | K13: =TRIM('1. Raw Data'!H13) -> Medium | L13: =IFERROR(IF('1. Raw Data'!I13="",AVERAGE(IF('1. Raw Data'!I3:I402<>"",'1. Raw Data'!I3:I402)),VALUE('1. Raw Data'!I13)),0) -> 169748.38 | M13: =IFERROR(IF('1. Raw Data'!J13="",AVERAGE(IF('1. Raw Data'!J3:J402<>"",'1. Raw Data'!J3:J402)),VALUE('1. Raw Data'!J13)),0) -> 12.42 | N13: ='1. Raw Data'!K13 -> 360 | O13: =IFERROR(IF(M13=0,0,(L13*(M13/100/12))/(1-(1+M13/100/12)^(-N13))),0) -> 1801.1218 | P13: ='1. Raw Data'!L13 -> 64 | Q13: =TRIM('1. Raw Data'!M13) -> Premium
A14: ='1. Raw Data'!A14 -> TXN-100012 | B14: =IFERROR(DATEVALUE('1. Raw Data'!B14),"") -> 45618 | C14: =IFERROR(TEXT(B14,"mmm"),"") -> Nov | D14: =IFERROR("Q"&INT((MONTH(B14)-1)/3+1),"") -> Q4 | E14: =IFERROR(YEAR(B14),"") -> 2024 | F14: =PROPER(TRIM('1. Raw Data'!C14)) -> Downtown | G14: =TRIM('1. Raw Data'!D14) -> Auto Loan | H14: =TRIM('1. Raw Data'!E14) -> Loans | I14: =TRIM('1. Raw Data'!F14) -> Maria Lopez | J14: =PROPER(TRIM('1. Raw Data'!G14)) -> Pending | K14: =TRIM('1. Raw Data'!H14) -> Low | L14: =IFERROR(IF('1. Raw Data'!I14="",AVERAGE(IF('1. Raw Data'!I3:I402<>"",'1. Raw Data'!I3:I402)),VALUE('1. Raw Data'!I14)),0) -> 43328.88 | M14: =IFERROR(IF('1. Raw Data'!J14="",AVERAGE(IF('1. Raw Data'!J3:J402<>"",'1. Raw Data'!J3:J402)),VALUE('1. Raw Data'!J14)),0) -> 9.86 | N14: ='1. Raw Data'!K14 -> 120 | O14: =IFERROR(IF(M14=0,0,(L14*(M14/100/12))/(1-(1+M14/100/12)^(-N14))),0) -> 569.24053 | P14: ='1. Raw Data'!L14 -> 69 | Q14: =TRIM('1. Raw Data'!M14) -> Standard
A15: ='1. Raw Data'!A15 -> TXN-100013 | B15: =IFERROR(DATEVALUE('1. Raw Data'!B15),"") -> 45383 | C15: =IFERROR(TEXT(B15,"mmm"),"") -> Apr | D15: =IFERROR("Q"&INT((MONTH(B15)-1)/3+1),"") -> Q2 | E15: =IFERROR(YEAR(B15),"") -> 2024 | F15: =PROPER(TRIM('1. Raw Data'!C15)) -> Eastgate | G15: =TRIM('1. Raw Data'!D15) -> Checking Account | H15: =TRIM('1. Raw Data'!E15) -> Deposits | I15: =TRIM('1. Raw Data'!F15) -> Sarah Chen | J15: =PROPER(TRIM('1. Raw Data'!G15)) -> Active | K15: =TRIM('1. Raw Data'!H15) -> High | L15: =IFERROR(IF('1. Raw Data'!I15="",AVERAGE(IF('1. Raw Data'!I3:I402<>"",'1. Raw Data'!I3:I402)),VALUE('1. Raw Data'!I15)),0) -> 130763.98 | M15: =IFERROR(IF('1. Raw Data'!J15="",AVERAGE(IF('1. Raw Data'!J3:J402<>"",'1. Raw Data'!J3:J402)),VALUE('1. Raw Data'!J15)),0) -> 13.42 | N15: ='1. Raw Data'!K15 -> 24 | O15: =IFERROR(IF(M15=0,0,(L15*(M15/100/12))/(1-(1+M15/100/12)^(-N15))),0) -> 6242.5859 | P15: ='1. Raw Data'!L15 -> 54 | Q15: =TRIM('1. Raw Data'!M15) -> Premium
A16: ='1. Raw Data'!A16 -> TXN-100014 | B16: =IFERROR(DATEVALUE('1. Raw Data'!B16),"") -> 45623 | C16: =IFERROR(TEXT(B16,"mmm"),"") -> Nov | D16: =IFERROR("Q"&INT((MONTH(B16)-1)/3+1),"") -> Q4 | E16: =IFERROR(YEAR(B16),"") -> 2024 | F16: =PROPER(TRIM('1. Raw Data'!C16)) -> Eastgate | G16: =TRIM('1. Raw Data'!D16) -> Fixed Deposit | H16: =TRIM('1. Raw Data'!E16) -> Deposits | I16: =TRIM('1. Raw Data'!F16) -> Rachel Moore | J16: =PROPER(TRIM('1. Raw Data'!G16)) -> Active | K16: =TRIM('1. Raw Data'!H16) -> High | L16: =IFERROR(IF('1. Raw Data'!I16="",AVERAGE(IF('1. Raw Data'!I3:I402<>"",'1. Raw Data'!I3:I402)),VALUE('1. Raw Data'!I16)),0) -> 191377.88 | M16: =IFERROR(IF('1. Raw Data'!J16="",AVERAGE(IF('1. Raw Data'!J3:J402<>"",'1. Raw Data'!J3:J402)),VALUE('1. Raw Data'!J16)),0) -> 11.34 | N16: ='1. Raw Data'!K16 -> 36 | O16: =IFERROR(IF(M16=0,0,(L16*(M16/100/12))/(1-(1+M16/100/12)^(-N16))),0) -> 6296.3253 | P16: ='1. Raw Data'!L16 -> 69 | Q16: =TRIM('1. Raw Data'!M16) -> Premium
A17: ='1. Raw Data'!A17 -> TXN-100015 | B17: =IFERROR(DATEVALUE('1. Raw Data'!B17),"") -> 45619 | C17: =IFERROR(TEXT(B17,"mmm"),"") -> Nov | D17: =IFERROR("Q"&INT((MONTH(B17)-1)/3+1),"") -> Q4 | E17: =IFERROR(YEAR(B17),"") -> 2024 | F17: =PROPER(TRIM('1. Raw Data'!C17)) -> Downtown | G17: =TRIM('1. Raw Data'!D17) -> Business Loan | H17: =TRIM('1. Raw Data'!E17) -> Loans | I17: =TRIM('1. Raw Data'!F17) -> Maria Lopez | J17: =PROPER(TRIM('1. Raw Data'!G17)) -> Active | K17: =TRIM('1. Raw Data'!H17) -> High | L17: =IFERROR(IF('1. Raw Data'!I17="",AVERAGE(IF('1. Raw Data'!I3:I402<>"",'1. Raw Data'!I3:I402)),VALUE('1. Raw Data'!I17)),0) -> 147208.83 | M17: =IFERROR(IF('1. Raw Data'!J17="",AVERAGE(IF('1. Raw Data'!J3:J402<>"",'1. Raw Data'!J3:J402)),VALUE('1. Raw Data'!J17)),0) -> 5.89 | N17: ='1. Raw Data'!K17 -> 12 | O17: =IFERROR(IF(M17=0,0,(L17*(M17/100/12))/(1-(1+M17/100/12)^(-N17))),0) -> 12662.297 | P17: ='1. Raw Data'!L17 -> 72 | Q17: =TRIM('1. Raw Data'!M17) -> Premium
A18: ='1. Raw Data'!A18 -> TXN-100016 | B18: =IFERROR(DATEVALUE('1. Raw Data'!B18),"") -> 45632 | C18: =IFERROR(TEXT(B18,"mmm"),"") -> Dec | D18: =IFERROR("Q"&INT((MONTH(B18)-1)/3+1),"") -> Q4 | E18: =IFERROR(YEAR(B18),"") -> 2024 | F18: =PROPER(TRIM('1. Raw Data'!C18)) -> Uptown | G18: =TRIM('1. Raw Data'!D18) -> Fixed Deposit | H18: =TRIM('1. Raw Data'!E18) -> Deposits | I18: =TRIM('1. Raw Data'!F18) -> David Kim | J18: =PROPER(TRIM('1. Raw Data'!G18)) -> Active | K18: =TRIM('1. Raw Data'!H18) -> High | L18: =IFERROR(IF('1. Raw Data'!I18="",AVERAGE(IF('1. Raw Data'!I3:I402<>"",'1. Raw Data'!I3:I402)),VALUE('1. Raw Data'!I18)),0) -> 90279.87 | M18: =IFERROR(IF('1. Raw Data'!J18="",AVERAGE(IF('1. Raw Data'!J3:J402<>"",'1. Raw Data'!J3:J402)),VALUE('1. Raw Data'!J18)),0) -> 4.89 | N18: ='1. Raw Data'!K18 -> 180 | O18: =IFERROR(IF(M18=0,0,(L18*(M18/100/12))/(1-(1+M18/100/12)^(-N18))),0) -> 708.76501 | P18: ='1. Raw Data'!L18 -> 58 | Q18: =TRIM('1. Raw Data'!M18) -> Standard
A19: ='1. Raw Data'!A19 -> TXN-100017 | B19: =IFERROR(DATEVALUE('1. Raw Data'!B19),"") -> 45397 | C19: =IFERROR(TEXT(B19,"mmm"),"") -> Apr | D19: =IFERROR("Q"&INT((MONTH(B19)-1)/3+1),"") -> Q2 | E19: =IFERROR(YEAR(B19),"") -> 2024 | F19: =PROPER(TRIM('1. Raw Data'!C19)) -> Eastgate | G19: =TRIM('1. Raw Data'!D19) -> Fixed Deposit | H19: =TRIM('1. Raw Data'!E19) -> Deposits | I19: =TRIM('1. Raw Data'!F19) -> James Patel | J19: =PROPER(TRIM('1. Raw Data'!G19)) -> Active | K19: =TRIM('1. Raw Data'!H19) -> High | L19: =IFERROR(IF('1. Raw Data'!I19="",AVERAGE(IF('1. Raw Data'!I3:I402<>"",'1. Raw Data'!I3:I402)),VALUE('1. Raw Data'!I19)),0) -> 131032.14 | M19: =IFERROR(IF('1. Raw Data'!J19="",AVERAGE(IF('1. Raw Data'!J3:J402<>"",'1. Raw Data'!J3:J402)),VALUE('1. Raw Data'!J19)),0) -> 3.82 | N19: ='1. Raw Data'!K19 -> 180 | O19: =IFERROR(IF(M19=0,0,(L19*(M19/100/12))/(1-(1+M19/100/12)^(-N19))),0) -> 957.45204 | P19: ='1. Raw Data'!L19 -> 26 | Q19: =TRIM('1. Raw Data'!M19) -> Premium
A20: ='1. Raw Data'!A20 -> TXN-100018 | B20: =IFERROR(DATEVALUE('1. Raw Data'!B20),"") -> 45370 | C20: =IFERROR(TEXT(B20,"mmm"),"") -> Mar | D20: =IFERROR("Q"&INT((MONTH(B20)-1)/3+1),"") -> Q1 | E20: =IFERROR(YEAR(B20),"") -> 2024 | F20: =PROPER(TRIM('1. Raw Data'!C20)) -> Downtown | G20: =TRIM('1. Raw Data'!D20) -> Auto Loan | H20: =TRIM('1. Raw Data'!E20) -> Loans | I20: =TRIM('1. Raw Data'!F20) -> David Kim | J20: =PROPER(TRIM('1. Raw Data'!G20)) -> Active | K20: =TRIM('1. Raw Data'!H20) -> Low | L20: =IFERROR(IF('1. Raw Data'!I20="",AVERAGE(IF('1. Raw Data'!I3:I402<>"",'1. Raw Data'!I3:I402)),VALUE('1. Raw Data'!I20)),0) -> 230038.56 | M20: =IFERROR(IF('1. Raw Data'!J20="",AVERAGE(IF('1. Raw Data'!J3:J402<>"",'1. Raw Data'!J3:J402)),VALUE('1. Raw Data'!J20)),0) -> 7.07 | N20: ='1. Raw Data'!K20 -> 6 | O20: =IFERROR(IF(M20=0,0,(L20*(M20/100/12))/(1-(1+M20/100/12)^(-N20))),0) -> 39134.228 | P20: ='1. Raw Data'!L20 -> 43 | Q20: =TRIM('1. Raw Data'!M20) -> Premium
A21: ='1. Raw Data'!A21 -> TXN-100019 | B21: =IFERROR(DATEVALUE('1. Raw Data'!B21),"") -> 45338 | C21: =IFERROR(TEXT(B21,"mmm"),"") -> Feb | D21: =IFERROR("Q"&INT((MONTH(B21)-1)/3+1),"") -> Q1 | E21: =IFERROR(YEAR(B21),"") -> 2024 | F21: =PROPER(TRIM('1. Raw Data'!C21)) -> Downtown | G21: =TRIM('1. Raw Data'!D21) -> Business Loan | H21: =TRIM('1. Raw Data'!E21) -> Loans | I21: =TRIM('1. Raw Data'!F21) -> James Patel | J21: =PROPER(TRIM('1. Raw Data'!G21)) -> Pending | K21: =TRIM('1. Raw Data'!H21) -> Low | L21: =IFERROR(IF('1. Raw Data'!I21="",AVERAGE(IF('1. Raw Data'!I3:I402<>"",'1. Raw Data'!I3:I402)),VALUE('1. Raw Data'!I21)),0) -> 43373.31 | M21: =IFERROR(IF('1. Raw Data'!J21="",AVERAGE(IF('1. Raw Data'!J3:J402<>"",'1. Raw Data'!J3:J402)),VALUE('1. Raw Data'!J21)),0) -> 5.67 | N21: ='1. Raw Data'!K21 -> 60 | O21: =IFERROR(IF(M21=0,0,(L21*(M21/100/12))/(1-(1+M21/100/12)^(-N21))),0) -> 831.88828 | P21: ='1. Raw Data'!L21 -> 26 | Q21: =TRIM('1. Raw Data'!M21) -> Standard
A22: ='1. Raw Data'!A22 -> TXN-100020 | B22: =IFERROR(DATEVALUE('1. Raw Data'!B22),"") -> 45356 | C22: =IFERROR(TEXT(B22,"mmm"),"") -> Mar | D22: =IFERROR("Q"&INT((MONTH(B22)-1)/3+1),"") -> Q1 | E22: =IFERROR(YEAR(B22),"") -> 2024 | F22: =PROPER(TRIM('1. Raw Data'!C22)) -> Northpark | G22: =TRIM('1. Raw Data'!D22) -> Savings Account | H22: =TRIM('1. Raw Data'!E22) -> Deposits | I22: =TRIM('1. Raw Data'!F22) -> Sarah Chen | J22: =PROPER(TRIM('1. Raw Data'!G22)) -> Inactive | K22: =TRIM('1. Raw Data'!H22) -> Low | L22: =IFERROR(IF('1. Raw Data'!I22="",AVERAGE(IF('1. Raw Data'!I3:I402<>"",'1. Raw Data'!I3:I402)),VALUE('1. Raw Data'!I22)),0) -> 136558.12 | M22: =IFERROR(IF('1. Raw Data'!J22="",AVERAGE(IF('1. Raw Data'!J3:J402<>"",'1. Raw Data'!J3:J402)),VALUE('1. Raw Data'!J22)),0) -> 2.88 | N22: ='1. Raw Data'!K22 -> 240 | O22: =IFERROR(IF(M22=0,0,(L22*(M22/100/12))/(1-(1+M22/100/12)^(-N22))),0) -> 749.17108 | P22: ='1. Raw Data'!L22 -> 63 | Q22: =TRIM('1. Raw Data'!M22) -> Premium
A23: ='1. Raw Data'!A23 -> TXN-100021 | B23: =IFERROR(DATEVALUE('1. Raw Data'!B23),"") -> 45469 | C23: =IFERROR(TEXT(B23,"mmm"),"") -> Jun | D23: =IFERROR("Q"&INT((MONTH(B23)-1)/3+1),"") -> Q2 | E23: =IFERROR(YEAR(B23),"") -> 2024 | F23: =PROPER(TRIM('1. Raw Data'!C23)) -> Northpark | G23: =TRIM('1. Raw Data'!D23) -> Personal Loan | H23: =TRIM('1. Raw Data'!E23) -> Loans | I23: =TRIM('1. Raw Data'!F23) -> Maria Lopez | J23: =PROPER(TRIM('1. Raw Data'!G23)) -> Pending | K23: =TRIM('1. Raw Data'!H23) -> Low | L23: =IFERROR(IF('1. Raw Data'!I23="",AVERAGE(IF('1. Raw Data'!I3:I402<>"",'1. Raw Data'!I3:I402)),VALUE('1. Raw Data'!I23)),0) -> 156452.99 | M23: =IFERROR(IF('1. Raw Data'!J23="",AVERAGE(IF('1. Raw Data'!J3:J402<>"",'1. Raw Data'!J3:J402)),VALUE('1. Raw Data'!J23)),0) -> 4.66 | N23: ='1. Raw Data'!K23 -> 24 | O23: =IFERROR(IF(M23=0,0,(L23*(M23/100/12))/(1-(1+M23/100/12)^(-N23))),0) -> 6840.0123 | P23: ='1. Raw Data'!L23 -> 69 | Q23: =TRIM('1. Raw Data'!M23) -> Premium
A24: ='1. Raw Data'!A24 -> TXN-100022 | B24: =IFERROR(DATEVALUE('1. Raw Data'!B24),"") -> 45401 | C24: =IFERROR(TEXT(B24,"mmm"),"") -> Apr | D24: =IFERROR("Q"&INT((MONTH(B24)-1)/3+1),"") -> Q2 | E24: =IFERROR(YEAR(B24),"") -> 2024 | F24: =PROPER(TRIM('1. Raw Data'!C24)) -> Downtown | G24: =TRIM('1. Raw Data'!D24) -> Mortgage | H24: =TRIM('1. Raw Data'!E24) -> Loans | I24: =TRIM('1. Raw Data'!F24) -> David Kim | J24: =PROPER(TRIM('1. Raw Data'!G24)) -> Inactive | K24: =TRIM('1. Raw Data'!H24) -> Low | L24: =IFERROR(IF('1. Raw Data'!I24="",AVERAGE(IF('1. Raw Data'!I3:I402<>"",'1. Raw Data'!I3:I402)),VALUE('1. Raw Data'!I24)),0) -> 111240.32 | M24: =IFERROR(IF('1. Raw Data'!J24="",AVERAGE(IF('1. Raw Data'!J3:J402<>"",'1. Raw Data'!J3:J402)),VALUE('1. Raw Data'!J24)),0) -> 11.62 | N24: ='1. Raw Data'!K24 -> 12 | O24: =IFERROR(IF(M24=0,0,(L24*(M24/100/12))/(1-(1+M24/100/12)^(-N24))),0) -> 9863.8037 | P24: ='1. Raw Data'!L24 -> 74 | Q24: =TRIM('1. Raw Data'!M24) -> Premium
A25: ='1. Raw Data'!A25 -> TXN-100023 | B25: =IFERROR(DATEVALUE('1. Raw Data'!B25),"") -> 45474 | C25: =IFERROR(TEXT(B25,"mmm"),"") -> Jul | D25: =IFERROR("Q"&INT((MONTH(B25)-1)/3+1),"") -> Q3 | E25: =IFERROR(YEAR(B25),"") -> 2024 | F25: =PROPER(TRIM('1. Raw Data'!C25)) -> Westside | G25: =TRIM('1. Raw Data'!D25) -> Auto Loan | H25: =TRIM('1. Raw Data'!E25) -> Loans | I25: =TRIM('1. Raw Data'!F25) -> Rachel Moore | J25: =PROPER(TRIM('1. Raw Data'!G25)) -> Active | K25: =TRIM('1. Raw Data'!H25) -> High | L25: =IFERROR(IF('1. Raw Data'!I25="",AVERAGE(IF('1. Raw Data'!I3:I402<>"",'1. Raw Data'!I3:I402)),VALUE('1. Raw Data'!I25)),0) -> 75509.09 | M25: =IFERROR(IF('1. Raw Data'!J25="",AVERAGE(IF('1. Raw Data'!J3:J402<>"",'1. Raw Data'!J3:J402)),VALUE('1. Raw Data'!J25)),0) -> 4.33 | N25: ='1. Raw Data'!K25 -> 6 | O25: =IFERROR(IF(M25=0,0,(L25*(M25/100/12))/(1-(1+M25/100/12)^(-N25))),0) -> 12744.262 | P25: ='1. Raw Data'!L25 -> 40 | Q25: =TRIM('1. Raw Data'!M25) -> Standard
A26: ='1. Raw Data'!A26 -> TXN-100024 | B26: =IFERROR(DATEVALUE('1. Raw Data'!B26),"") -> 45607 | C26: =IFERROR(TEXT(B26,"mmm"),"") -> Nov | D26: =IFERROR("Q"&INT((MONTH(B26)-1)/3+1),"") -> Q4 | E26: =IFERROR(YEAR(B26),"") -> 2024 | F26: =PROPER(TRIM('1. Raw Data'!C26)) -> Downtown | G26: =TRIM('1. Raw Data'!D26) -> Checking Account | H26: =TRIM('1. Raw Data'!E26) -> Deposits | I26: =TRIM('1. Raw Data'!F26) -> Maria Lopez | J26: =PROPER(TRIM('1. Raw Data'!G26)) -> Active | K26: =TRIM('1. Raw Data'!H26) -> High | L26: =IFERROR(IF('1. Raw Data'!I26="",AVERAGE(IF('1. Raw Data'!I3:I402<>"",'1. Raw Data'!I3:I402)),VALUE('1. Raw Data'!I26)),0) -> 211721.92 | M26: =IFERROR(IF('1. Raw Data'!J26="",AVERAGE(IF('1. Raw Data'!J3:J402<>"",'1. Raw Data'!J3:J402)),VALUE('1. Raw Data'!J26)),0) -> 10.14 | N26: ='1. Raw Data'!K26 -> 6 | O26: =IFERROR(IF(M26=0,0,(L26*(M26/100/12))/(1-(1+M26/100/12)^(-N26))),0) -> 36337.917 | P26: ='1. Raw Data'!L26 -> 46 | Q26: =TRIM('1. Raw Data'!M26) -> Premium
A27: ='1. Raw Data'!A27 -> TXN-100025 | B27: =IFERROR(DATEVALUE('1. Raw Data'!B27),"") -> 45651 | C27: =IFERROR(TEXT(B27,"mmm"),"") -> Dec | D27: =IFERROR("Q"&INT((MONTH(B27)-1)/3+1),"") -> Q4 | E27: =IFERROR(YEAR(B27),"") -> 2024 | F27: =PROPER(TRIM('1. Raw Data'!C27)) -> Downtown | G27: =TRIM('1. Raw Data'!D27) -> Credit Card | H27: =TRIM('1. Raw Data'!E27) -> Cards | I27: =TRIM('1. Raw Data'!F27) -> David Kim | J27: =PROPER(TRIM('1. Raw Data'!G27)) -> Active | K27: =TRIM('1. Raw Data'!H27) -> High | L27: =IFERROR(IF('1. Raw Data'!I27="",AVERAGE(IF('1. Raw Data'!I3:I402<>"",'1. Raw Data'!I3:I402)),VALUE('1. Raw Data'!I27)),0) -> 57343.43 | M27: =IFERROR(IF('1. Raw Data'!J27="",AVERAGE(IF('1. Raw Data'!J3:J402<>"",'1. Raw Data'!J3:J402)),VALUE('1. Raw Data'!J27)),0) -> 8.53 | N27: ='1. Raw Data'!K27 -> 6 | O27: =IFERROR(IF(M27=0,0,(L27*(M27/100/12))/(1-(1+M27/100/12)^(-N27))),0) -> 9796.4179 | P27: ='1. Raw Data'!L27 -> 35 | Q27: =TRIM('1. Raw Data'!M27) -> Standard
A28: ='1. Raw Data'!A28 -> TXN-100026 | B28: =IFERROR(DATEVALUE('1. Raw Data'!B28),"") -> 45606 | C28: =IFERROR(TEXT(B28,"mmm"),"") -> Nov | D28: =IFERROR("Q"&INT((MONTH(B28)-1)/3+1),"") -> Q4 | E28: =IFERROR(YEAR(B28),"") -> 2024 | F28: =PROPER(TRIM('1. Raw Data'!C28)) -> Downtown | G28: =TRIM('1. Raw Data'!D28) -> Checking Account | H28: =TRIM('1. Raw Data'!E28) -> Deposits | I28: =TRIM('1. Raw Data'!F28) -> James Patel | J28: =PROPER(TRIM('1. Raw Data'!G28)) -> Active | K28: =TRIM('1. Raw Data'!H28) -> Low | L28: =IFERROR(IF('1. Raw Data'!I28="",AVERAGE(IF('1. Raw Data'!I3:I402<>"",'1. Raw Data'!I3:I402)),VALUE('1. Raw Data'!I28)),0) -> 15787.27 | M28: =IFERROR(IF('1. Raw Data'!J28="",AVERAGE(IF('1. Raw Data'!J3:J402<>"",'1. Raw Data'!J3:J402)),VALUE('1. Raw Data'!J28)),0) -> 12.62 | N28: ='1. Raw Data'!K28 -> 24 | O28: =IFERROR(IF(M28=0,0,(L28*(M28/100/12))/(1-(1+M28/100/12)^(-N28))),0) -> 747.74083 | P28: ='1. Raw Data'!L28 -> 59 | Q28: =TRIM('1. Raw Data'!M28) -> Basic
A29: ='1. Raw Data'!A29 -> TXN-100027 | B29: =IFERROR(DATEVALUE('1. Raw Data'!B29),"") -> 45393 | C29: =IFERROR(TEXT(B29,"mmm"),"") -> Apr | D29: =IFERROR("Q"&INT((MONTH(B29)-1)/3+1),"") -> Q2 | E29: =IFERROR(YEAR(B29),"") -> 2024 | F29: =PROPER(TRIM('1. Raw Data'!C29)) -> Eastgate | G29: =TRIM('1. Raw Data'!D29) -> Fixed Deposit | H29: =TRIM('1. Raw Data'!E29) -> Deposits | I29: =TRIM('1. Raw Data'!F29) -> Sarah Chen | J29: =PROPER(TRIM('1. Raw Data'!G29)) -> Active | K29: =TRIM('1. Raw Data'!H29) -> High | L29: =IFERROR(IF('1. Raw Data'!I29="",AVERAGE(IF('1. Raw Data'!I3:I402<>"",'1. Raw Data'!I3:I402)),VALUE('1. Raw Data'!I29)),0) -> 108949.17 | M29: =IFERROR(IF('1. Raw Data'!J29="",AVERAGE(IF('1. Raw Data'!J3:J402<>"",'1. Raw Data'!J3:J402)),VALUE('1. Raw Data'!J29)),0) -> 8 | N29: ='1. Raw Data'!K29 -> 360 | O29: =IFERROR(IF(M29=0,0,(L29*(M29/100/12))/(1-(1+M29/100/12)^(-N29))),0) -> 799.43041 | P29: ='1. Raw Data'!L29 -> 27 | Q29: =TRIM('1. Raw Data'!M29) -> Premium
A30: ='1. Raw Data'!A30 -> TXN-100028 | B30: =IFERROR(DATEVALUE('1. Raw Data'!B30),"") -> 45367 | C30: =IFERROR(TEXT(B30,"mmm"),"") -> Mar | D30: =IFERROR("Q"&INT((MONTH(B30)-1)/3+1),"") -> Q1 | E30: =IFERROR(YEAR(B30),"") -> 2024 | F30: =PROPER(TRIM('1. Raw Data'!C30)) -> Downtown | G30: =TRIM('1. Raw Data'!D30) -> Business Loan | H30: =TRIM('1. Raw Data'!E30) -> Loans | I30: =TRIM('1. Raw Data'!F30) -> Rachel Moore | J30: =PROPER(TRIM('1. Raw Data'!G30)) -> Active | K30: =TRIM('1. Raw Data'!H30) -> Low | L30: =IFERROR(IF('1. Raw Data'!I30="",AVERAGE(IF('1. Raw Data'!I3:I402<>"",'1. Raw Data'!I3:I402)),VALUE('1. Raw Data'!I30)),0) -> 184668.95 | M30: =IFERROR(IF('1. Raw Data'!J30="",AVERAGE(IF('1. Raw Data'!J3:J402<>"",'1. Raw Data'!J3:J402)),VALUE('1. Raw Data'!J30)),0) -> 5.36 | N30: ='1. Raw Data'!K30 -> 48 | O30: =IFERROR(IF(M30=0,0,(L30*(M30/100/12))/(1-(1+M30/100/12)^(-N30))),0) -> 4282.9764 | P30: ='1. Raw Data'!L30 -> 32 | Q30: =TRIM('1. Raw Data'!M30) -> Premium
A31: ='1. Raw Data'!A31 -> TXN-100029 | B31: =IFERROR(DATEVALUE('1. Raw Data'!B31),"") -> 45404 | C31: =IFERROR(TEXT(B31,"mmm"),"") -> Apr | D31: =IFERROR("Q"&INT((MONTH(B31)-1)/3+1),"") -> Q2 | E31: =IFERROR(YEAR(B31),"") -> 2024 | F31: =PROPER(TRIM('1. Raw Data'!C31)) -> Northpark | G31: =TRIM('1. Raw Data'!D31) -> Savings Account | H31: =TRIM('1. Raw Data'!E31) -> Deposits | I31: =TRIM('1. Raw Data'!F31) -> James Patel | J31: =PROPER(TRIM('1. Raw Data'!G31)) -> Active | K31: =TRIM('1. Raw Data'!H31) -> High | L31: =IFERROR(IF('1. Raw Data'!I31="",AVERAGE(IF('1. Raw Data'!I3:I402<>"",'1. Raw Data'!I3:I402)),VALUE('1. Raw Data'!I31)),0) -> 176395.17 | M31: =IFERROR(IF('1. Raw Data'!J31="",AVERAGE(IF('1. Raw Data'!J3:J402<>"",'1. Raw Data'!J3:J402)),VALUE('1. Raw Data'!J31)),0) -> 7.05 | N31: ='1. Raw Data'!K31 -> 240 | O31: =IFERROR(IF(M31=0,0,(L31*(M31/100/12))/(1-(1+M31/100/12)^(-N31))),0) -> 1372.889 | P31: ='1. Raw Data'!L31 -> 26 | Q31: =TRIM('1. Raw Data'!M31) -> Premium
A32: ='1. Raw Data'!A32 -> TXN-100030 | B32: =IFERROR(DATEVALUE('1. Raw Data'!B32),"") -> 45450 | C32: =IFERROR(TEXT(B32,"mmm"),"") -> Jun | D32: =IFERROR("Q"&INT((MONTH(B32)-1)/3+1),"") -> Q2 | E32: =IFERROR(YEAR(B32),"") -> 2024 | F32: =PROPER(TRIM('1. Raw Data'!C32)) -> Downtown | G32: =TRIM('1. Raw Data'!D32) -> Checking Account | H32: =TRIM('1. Raw Data'!E32) -> Deposits | I32: =TRIM('1. Raw Data'!F32) -> Sarah Chen | J32: =PROPER(TRIM('1. Raw Data'!G32)) -> Active | K32: =TRIM('1. Raw Data'!H32) -> Low | L32: =IFERROR(IF('1. Raw Data'!I32="",AVERAGE(IF('1. Raw Data'!I3:I402<>"",'1. Raw Data'!I3:I402)),VALUE('1. Raw Data'!I32)),0) -> 0 | M32: =IFERROR(IF('1. Raw Data'!J32="",AVERAGE(IF('1. Raw Data'!J3:J402<>"",'1. Raw Data'!J3:J402)),VALUE('1. Raw Data'!J32)),0) -> 10.12 | N32: ='1. Raw Data'!K32 -> 24 | O32: =IFERROR(IF(M32=0,0,(L32*(M32/100/12))/(1-(1+M32/100/12)^(-N32))),0) -> 0 | P32: ='1. Raw Data'!L32 -> 39 | Q32: =TRIM('1. Raw Data'!M32) -> Premium
A33: ='1. Raw Data'!A33 -> TXN-100031 | B33: =IFERROR(DATEVALUE('1. Raw Data'!B33),"") -> 45478 | C33: =IFERROR(TEXT(B33,"mmm"),"") -> Jul | D33: =IFERROR("Q"&INT((MONTH(B33)-1)/3+1),"") -> Q3 | E33: =IFERROR(YEAR(B33),"") -> 2024 | F33: =PROPER(TRIM('1. Raw Data'!C33)) -> Uptown | G33: =TRIM('1. Raw Data'!D33) -> Auto Loan | H33: =TRIM('1. Raw Data'!E33) -> Loans | I33: =TRIM('1. Raw Data'!F33) -> Sarah Chen | J33: =PROPER(TRIM('1. Raw Data'!G33)) -> Active | K33: =TRIM('1. Raw Data'!H33) -> Medium | L33: =IFERROR(IF('1. Raw Data'!I33="",AVERAGE(IF('1. Raw Data'!I3:I402<>"",'1. Raw Data'!I3:I402)),VALUE('1. Raw Data'!I33)),0) -> 174300.23 | M33: =IFERROR(IF('1. Raw Data'!J33="",AVERAGE(IF('1. Raw Data'!J3:J402<>"",'1. Raw Data'!J3:J402)),VALUE('1. Raw Data'!J33)),0) -> 8.6 | N33: ='1. Raw Data'!K33 -> 36 | O33: =IFERROR(IF(M33=0,0,(L33*(M33/100/12))/(1-(1+M33/100/12)^(-N33))),0) -> 5510.3091 | P33: ='1. Raw Data'!L33 -> 50 | Q33: =TRIM('1. Raw Data'!M33) -> Premium
A34: ='1. Raw Data'!A34 -> TXN-100032 | B34: =IFERROR(DATEVALUE('1. Raw Data'!B34),"") -> 45481 | C34: =IFERROR(TEXT(B34,"mmm"),"") -> Jul | D34: =IFERROR("Q"&INT((MONTH(B34)-1)/3+1),"") -> Q3 | E34: =IFERROR(YEAR(B34),"") -> 2024 | F34: =PROPER(TRIM('1. Raw Data'!C34)) -> Downtown | G34: =TRIM('1. Raw Data'!D34) -> Business Loan | H34: =TRIM('1. Raw Data'!E34) -> Loans | I34: =TRIM('1. Raw Data'!F34) -> Sarah Chen | J34: =PROPER(TRIM('1. Raw Data'!G34)) -> Active | K34: =TRIM('1. Raw Data'!H34) -> Medium | L34: =IFERROR(IF('1. Raw Data'!I34="",AVERAGE(IF('1. Raw Data'!I3:I402<>"",'1. Raw Data'!I3:I402)),VALUE('1. Raw Data'!I34)),0) -> 134809.56 | M34: =IFERROR(IF('1. Raw Data'!J34="",AVERAGE(IF('1. Raw Data'!J3:J402<>"",'1. Raw Data'!J3:J402)),VALUE('1. Raw Data'!J34)),0) -> 11.47 | N34: ='1. Raw Data'!K34 -> 6 | O34: =IFERROR(IF(M34=0,0,(L34*(M34/100/12))/(1-(1+M34/100/12)^(-N34))),0) -> 23225.875 | P34: ='1. Raw Data'!L34 -> 23 | Q34: =TRIM('1. Raw Data'!M34) -> Premium
A35: ='1. Raw Data'!A35 -> TXN-100033 | B35: =IFERROR(DATEVALUE('1. Raw Data'!B35),"") -> 45345 | C35: =IFERROR(TEXT(B35,"mmm"),"") -> Feb | D35: =IFERROR("Q"&INT((MONTH(B35)-1)/3+1),"") -> Q1 | E35: =IFERROR(YEAR(B35),"") -> 2024 | F35: =PROPER(TRIM('1. Raw Data'!C35)) -> Downtown | G35: =TRIM('1. Raw Data'!D35) -> Checking Account | H35: =TRIM('1. Raw Data'!E35) -> Deposits | I35: =TRIM('1. Raw Data'!F35) -> David Kim | J35: =PROPER(TRIM('1. Raw Data'!G35)) -> Active | K35: =TRIM('1. Raw Data'!H35) -> Medium | L35: =IFERROR(IF('1. Raw Data'!I35="",AVERAGE(IF('1. Raw Data'!I3:I402<>"",'1. Raw Data'!I3:I402)),VALUE('1. Raw Data'!I35)),0) -> 211082.87 | M35: =IFERROR(IF('1. Raw Data'!J35="",AVERAGE(IF('1. Raw Data'!J3:J402<>"",'1. Raw Data'!J3:J402)),VALUE('1. Raw Data'!J35)),0) -> 10.86 | N35: ='1. Raw Data'!K35 -> 180 | O35: =IFERROR(IF(M35=0,0,(L35*(M35/100/12))/(1-(1+M35/100/12)^(-N35))),0) -> 2380.6375 | P35: ='1. Raw Data'!L35 -> 49 | Q35: =TRIM('1. Raw Data'!M35) -> Premium
A36: ='1. Raw Data'!A36 -> TXN-100034 | B36: =IFERROR(DATEVALUE('1. Raw Data'!B36),"") -> 45385 | C36: =IFERROR(TEXT(B36,"mmm"),"") -> Apr | D36: =IFERROR("Q"&INT((MONTH(B36)-1)/3+1),"") -> Q2 | E36: =IFERROR(YEAR(B36),"") -> 2024 | F36: =PROPER(TRIM('1. Raw Data'!C36)) -> Westside | G36: =TRIM('1. Raw Data'!D36) -> Auto Loan | H36: =TRIM('1. Raw Data'!E36) -> Loans | I36: =TRIM('1. Raw Data'!F36) -> Sarah Chen | J36: =PROPER(TRIM('1. Raw Data'!G36)) -> Active | K36: =TRIM('1. Raw Data'!H36) -> High | L36: =IFERROR(IF('1. Raw Data'!I36="",AVERAGE(IF('1. Raw Data'!I3:I402<>"",'1. Raw Data'!I3:I402)),VALUE('1. Raw Data'!I36)),0) -> 232615.16 | M36: =IFERROR(IF('1. Raw Data'!J36="",AVERAGE(IF('1. Raw Data'!J3:J402<>"",'1. Raw Data'!J3:J402)),VALUE('1. Raw Data'!J36)),0) -> 5.03 | N36: ='1. Raw Data'!K36 -> 60 | O36: =IFERROR(IF(M36=0,0,(L36*(M36/100/12))/(1-(1+M36/100/12)^(-N36))),0) -> 4392.9329 | P36: ='1. Raw Data'!L36 -> 61 | Q36: =TRIM('1. Raw Data'!M36) -> Premium
A37: ='1. Raw Data'!A37 -> TXN-100035 | B37: =IFERROR(DATEVALUE('1. Raw Data'!B37),"") -> 45635 | C37: =IFERROR(TEXT(B37,"mmm"),"") -> Dec | D37: =IFERROR("Q"&INT((MONTH(B37)-1)/3+1),"") -> Q4 | E37: =IFERROR(YEAR(B37),"") -> 2024 | F37: =PROPER(TRIM('1. Raw Data'!C37)) -> Eastgate | G37: =TRIM('1. Raw Data'!D37) -> Fixed Deposit | H37: =TRIM('1. Raw Data'!E37) -> Deposits | I37: =TRIM('1. Raw Data'!F37) -> Rachel Moore | J37: =PROPER(TRIM('1. Raw Data'!G37)) -> Active | K37: =TRIM('1. Raw Data'!H37) -> High | L37: =IFERROR(IF('1. Raw Data'!I37="",AVERAGE(IF('1. Raw Data'!I3:I402<>"",'1. Raw Data'!I3:I402)),VALUE('1. Raw Data'!I37)),0) -> 19870.29 | M37: =IFERROR(IF('1. Raw Data'!J37="",AVERAGE(IF('1. Raw Data'!J3:J402<>"",'1. Raw Data'!J3:J402)),VALUE('1. Raw Data'!J37)),0) -> 6.91 | N37: ='1. Raw Data'!K37 -> 6 | O37: =IFERROR(IF(M37=0,0,(L37*(M37/100/12))/(1-(1+M37/100/12)^(-N37))),0) -> 3378.7792 | P37: ='1. Raw Data'!L37 -> 40 | Q37: =TRIM('1. Raw Data'!M37) -> Basic
A38: ='1. Raw Data'!A38 -> TXN-100036 | B38: =IFERROR(DATEVALUE('1. Raw Data'!B38),"") -> 45332 | C38: =IFERROR(TEXT(B38,"mmm"),"") -> Feb | D38: =IFERROR("Q"&INT((MONTH(B38)-1)/3+1),"") -> Q1 | E38: =IFERROR(YEAR(B38),"") -> 2024 | F38: =PROPER(TRIM('1. Raw Data'!C38)) -> Westside | G38: =TRIM('1. Raw Data'!D38) -> Mortgage | H38: =TRIM('1. Raw Data'!E38) -> Loans | I38: =TRIM('1. Raw Data'!F38) -> Rachel Moore | J38: =PROPER(TRIM('1. Raw Data'!G38)) -> Inactive | K38: =TRIM('1. Raw Data'!H38) -> High | L38: =IFERROR(IF('1. Raw Data'!I38="",AVERAGE(IF('1. Raw Data'!I3:I402<>"",'1. Raw Data'!I3:I402)),VALUE('1. Raw Data'!I38)),0) -> 99894.86 | M38: =IFERROR(IF('1. Raw Data'!J38="",AVERAGE(IF('1. Raw Data'!J3:J402<>"",'1. Raw Data'!J3:J402)),VALUE('1. Raw Data'!J38)),0) -> 4.9 | N38: ='1. Raw Data'!K38 -> 360 | O38: =IFERROR(IF(M38=0,0,(L38*(M38/100/12))/(1-(1+M38/100/12)^(-N38))),0) -> 530.16871 | P38: ='1. Raw Data'!L38 -> 39 | Q38: =TRIM('1. Raw Data'!M38) -> Standard
A39: ='1. Raw Data'!A39 -> TXN-100037 | B39: =IFERROR(DATEVALUE('1. Raw Data'!B39),"") -> 45480 | C39: =IFERROR(TEXT(B39,"mmm"),"") -> Jul | D39: =IFERROR("Q"&INT((MONTH(B39)-1)/3+1),"") -> Q3 | E39: =IFERROR(YEAR(B39),"") -> 2024 | F39: =PROPER(TRIM('1. Raw Data'!C39)) -> Downtown | G39: =TRIM('1. Raw Data'!D39) -> Checking Account | H39: =TRIM('1. Raw Data'!E39) -> Deposits | I39: =TRIM('1. Raw Data'!F39) -> Rachel Moore | J39: =PROPER(TRIM('1. Raw Data'!G39)) -> Active | K39: =TRIM('1. Raw Data'!H39) -> Low | L39: =IFERROR(IF('1. Raw Data'!I39="",AVERAGE(IF('1. Raw Data'!I3:I402<>"",'1. Raw Data'!I3:I402)),VALUE('1. Raw Data'!I39)),0) -> 106129.92 | M39: =IFERROR(IF('1. Raw Data'!J39="",AVERAGE(IF('1. Raw Data'!J3:J402<>"",'1. Raw Data'!J3:J402)),VALUE('1. Raw Data'!J39)),0) -> 10.12 | N39: ='1. Raw Data'!K39 -> 360 | O39: =IFERROR(IF(M39=0,0,(L39*(M39/100/12))/(1-(1+M39/100/12)^(-N39))),0) -> 940.79086 | P39: ='1. Raw Data'!L39 -> 59 | Q39: =TRIM('1. Raw Data'!M39) -> Premium
A40: ='1. Raw Data'!A40 -> TXN-100038 | B40: =IFERROR(DATEVALUE('1. Raw Data'!B40),"") -> 45378 | C40: =IFERROR(TEXT(B40,"mmm"),"") -> Mar | D40: =IFERROR("Q"&INT((MONTH(B40)-1)/3+1),"") -> Q1 | E40: =IFERROR(YEAR(B40),"") -> 2024 | F40: =PROPER(TRIM('1. Raw Data'!C40)) -> Downtown | G40: =TRIM('1. Raw Data'!D40) -> Checking Account | H40: =TRIM('1. Raw Data'!E40) -> Deposits | I40: =TRIM('1. Raw Data'!F40) -> David Kim | J40: =PROPER(TRIM('1. Raw Data'!G40)) -> Pending | K40: =TRIM('1. Raw Data'!H40) -> Medium | L40: =IFERROR(IF('1. Raw Data'!I40="",AVERAGE(IF('1. Raw Data'!I3:I402<>"",'1. Raw Data'!I3:I402)),VALUE('1. Raw Data'!I40)),0) -> 34141.6 | M40: =IFERROR(IF('1. Raw Data'!J40="",AVERAGE(IF('1. Raw Data'!J3:J402<>"",'1. Raw Data'!J3:J402)),VALUE('1. Raw Data'!J40)),0) -> 11.4 | N40: ='1. Raw Data'!K40 -> 48 | O40: =IFERROR(IF(M40=0,0,(L40*(M40/100/12))/(1-(1+M40/100/12)^(-N40))),0) -> 889.05424 | P40: ='1. Raw Data'!L40 -> 33 | Q40: =TRIM('1. Raw Data'!M40) -> Standard
A41: ='1. Raw Data'!A41 -> TXN-100039 | B41: =IFERROR(DATEVALUE('1. Raw Data'!B41),"") -> 45421 | C41: =IFERROR(TEXT(B41,"mmm"),"") -> May | D41: =IFERROR("Q"&INT((MONTH(B41)-1)/3+1),"") -> Q2 | E41: =IFERROR(YEAR(B41),"") -> 2024 | F41: =PROPER(TRIM('1. Raw Data'!C41)) -> Eastgate | G41: =TRIM('1. Raw Data'!D41) -> Savings Account | H41: =TRIM('1. Raw Data'!E41) -> Deposits | I41: =TRIM('1. Raw Data'!F41) -> Sarah Chen | J41: =PROPER(TRIM('1. Raw Data'!G41)) -> Active | K41: =TRIM('1. Raw Data'!H41) -> High | L41: =IFERROR(IF('1. Raw Data'!I41="",AVERAGE(IF('1. Raw Data'!I3:I402<>"",'1. Raw Data'!I3:I402)),VALUE('1. Raw Data'!I41)),0) -> 212293.98 | M41: =IFERROR(IF('1. Raw Data'!J41="",AVERAGE(IF('1. Raw Data'!J3:J402<>"",'1. Raw Data'!J3:J402)),VALUE('1. Raw Data'!J41)),0) -> 10.86 | N41: ='1. Raw Data'!K41 -> 48 | O41: =IFERROR(IF(M41=0,0,(L41*(M41/100/12))/(1-(1+M41/100/12)^(-N41))),0) -> 5472.4266 | P41: ='1. Raw Data'!L41 -> 68 | Q41: =TRIM('1. Raw Data'!M41) -> Premium
A42: ='1. Raw Data'!A42 -> TXN-100040 | B42: =IFERROR(DATEVALUE('1. Raw Data'!B42),"") -> 45410 | C42: =IFERROR(TEXT(B42,"mmm"),"") -> Apr | D42: =IFERROR("Q"&INT((MONTH(B42)-1)/3+1),"") -> Q2 | E42: =IFERROR(YEAR(B42),"") -> 2024 | F42: =PROPER(TRIM('1. Raw Data'!C42)) -> Eastgate | G42: =TRIM('1. Raw Data'!D42) -> Personal Loan | H42: =TRIM('1. Raw Data'!E42) -> Loans | I42: =TRIM('1. Raw Data'!F42) -> Maria Lopez | J42: =PROPER(TRIM('1. Raw Data'!G42)) -> Active | K42: =TRIM('1. Raw Data'!H42) -> Medium | L42: =IFERROR(IF('1. Raw Data'!I42="",AVERAGE(IF('1. Raw Data'!I3:I402<>"",'1. Raw Data'!I3:I402)),VALUE('1. Raw Data'!I42)),0) -> 249203.95 | M42: =IFERROR(IF('1. Raw Data'!J42="",AVERAGE(IF('1. Raw Data'!J3:J402<>"",'1. Raw Data'!J3:J402)),VALUE('1. Raw Data'!J42)),0) -> 11.35 | N42: ='1. Raw Data'!K42 -> 48 | O42: =IFERROR(IF(M42=0,0,(L42*(M42/100/12))/(1-(1+M42/100/12)^(-N42))),0) -> 6483.2456 | P42: ='1. Raw Data'!L42 -> 75 | Q42: =TRIM('1. Raw Data'!M42) -> Premium
A43: ='1. Raw Data'!A43 -> TXN-100041 | B43: =IFERROR(DATEVALUE('1. Raw Data'!B43),"") -> 45543 | C43: =IFERROR(TEXT(B43,"mmm"),"") -> Sep | D43: =IFERROR("Q"&INT((MONTH(B43)-1)/3+1),"") -> Q3 | E43: =IFERROR(YEAR(B43),"") -> 2024 | F43: =PROPER(TRIM('1. Raw Data'!C43)) -> Uptown | G43: =TRIM('1. Raw Data'!D43) -> Mortgage | H43: =TRIM('1. Raw Data'!E43) -> Loans | I43: =TRIM('1. Raw Data'!F43) -> Maria Lopez | J43: =PROPER(TRIM('1. Raw Data'!G43)) -> Active | K43: =TRIM('1. Raw Data'!H43) -> Low | L43: =IFERROR(IF('1. Raw Data'!I43="",AVERAGE(IF('1. Raw Data'!I3:I402<>"",'1. Raw Data'!I3:I402)),VALUE('1. Raw Data'!I43)),0) -> 153606.39 | M43: =IFERROR(IF('1. Raw Data'!J43="",AVERAGE(IF('1. Raw Data'!J3:J402<>"",'1. Raw Data'!J3:J402)),VALUE('1. Raw Data'!J43)),0) -> 9.42 | N43: ='1. Raw Data'!K43 -> 12 | O43: =IFERROR(IF(M43=0,0,(L43*(M43/100/12))/(1-(1+M43/100/12)^(-N43))),0) -> 13463.041 | P43: ='1. Raw Data'!L43 -> 36 | Q43: =TRIM('1. Raw Data'!M43) -> Premium
A44: ='1. Raw Data'!A44 -> TXN-100042 | B44: =IFERROR(DATEVALUE('1. Raw Data'!B44),"") -> 45488 | C44: =IFERROR(TEXT(B44,"mmm"),"") -> Jul | D44: =IFERROR("Q"&INT((MONTH(B44)-1)/3+1),"") -> Q3 | E44: =IFERROR(YEAR(B44),"") -> 2024 | F44: =PROPER(TRIM('1. Raw Data'!C44)) -> Eastgate | G44: =TRIM('1. Raw Data'!D44) -> Savings Account | H44: =TRIM('1. Raw Data'!E44) -> Deposits | I44: =TRIM('1. Raw Data'!F44) -> Sarah Chen | J44: =PROPER(TRIM('1. Raw Data'!G44)) -> Active | K44: =TRIM('1. Raw Data'!H44) -> Low | L44: =IFERROR(IF('1. Raw Data'!I44="",AVERAGE(IF('1. Raw Data'!I3:I402<>"",'1. Raw Data'!I3:I402)),VALUE('1. Raw Data'!I44)),0) -> 27111.12 | M44: =IFERROR(IF('1. Raw Data'!J44="",AVERAGE(IF('1. Raw Data'!J3:J402<>"",'1. Raw Data'!J3:J402)),VALUE('1. Raw Data'!J44)),0) -> 2.56 | N44: ='1. Raw Data'!K44 -> 12 | O44: =IFERROR(IF(M44=0,0,(L44*(M44/100/12))/(1-(1+M44/100/12)^(-N44))),0) -> 2290.7108 | P44: ='1. Raw Data'!L44 -> 71 | Q44: =TRIM('1. Raw Data'!M44) -> Standard
A45: ='1. Raw Data'!A45 -> TXN-100043 | B45: =IFERROR(DATEVALUE('1. Raw Data'!B45),"") -> 45342 | C45: =IFERROR(TEXT(B45,"mmm"),"") -> Feb | D45: =IFERROR("Q"&INT((MONTH(B45)-1)/3+1),"") -> Q1 | E45: =IFERROR(YEAR(B45),"") -> 2024 | F45: =PROPER(TRIM('1. Raw Data'!C45)) -> Westside | G45: =TRIM('1. Raw Data'!D45) -> Personal Loan | H45: =TRIM('1. Raw Data'!E45) -> Loans | I45: =TRIM('1. Raw Data'!F45) -> Rachel Moore | J45: =PROPER(TRIM('1. Raw Data'!G45)) -> Inactive | K45: =TRIM('1. Raw Data'!H45) -> Low | L45: =IFERROR(IF('1. Raw Data'!I45="",AVERAGE(IF('1. Raw Data'!I3:I402<>"",'1. Raw Data'!I3:I402)),VALUE('1. Raw Data'!I45)),0) -> 28334.09 | M45: =IFERROR(IF('1. Raw Data'!J45="",AVERAGE(IF('1. Raw Data'!J3:J402<>"",'1. Raw Data'!J3:J402)),VALUE('1. Raw Data'!J45)),0) -> 2.79 | N45: ='1. Raw Data'!K45 -> 36 | O45: =IFERROR(IF(M45=0,0,(L45*(M45/100/12))/(1-(1+M45/100/12)^(-N45))),0) -> 821.36994 | P45: ='1. Raw Data'!L45 -> 41 | Q45: =TRIM('1. Raw Data'!M45) -> Standard
A46: ='1. Raw Data'!A46 -> TXN-100044 | B46: =IFERROR(DATEVALUE('1. Raw Data'!B46),"") -> 45314 | C46: =IFERROR(TEXT(B46,"mmm"),"") -> Jan | D46: =IFERROR("Q"&INT((MONTH(B46)-1)/3+1),"") -> Q1 | E46: =IFERROR(YEAR(B46),"") -> 2024 | F46: =PROPER(TRIM('1. Raw Data'!C46)) -> Eastgate | G46: =TRIM('1. Raw Data'!D46) -> Auto Loan | H46: =TRIM('1. Raw Data'!E46) -> Loans | I46: =TRIM('1. Raw Data'!F46) -> James Patel | J46: =PROPER(TRIM('1. Raw Data'!G46)) -> Active | K46: =TRIM('1. Raw Data'!H46) -> Low | L46: =IFERROR(IF('1. Raw Data'!I46="",AVERAGE(IF('1. Raw Data'!I3:I402<>"",'1. Raw Data'!I3:I402)),VALUE('1. Raw Data'!I46)),0) -> 81609.31 | M46: =IFERROR(IF('1. Raw Data'!J46="",AVERAGE(IF('1. Raw Data'!J3:J402<>"",'1. Raw Data'!J3:J402)),VALUE('1. Raw Data'!J46)),0) -> 13 | N46: ='1. Raw Data'!K46 -> 36 | O46: =IFERROR(IF(M46=0,0,(L46*(M46/100/12))/(1-(1+M46/100/12)^(-N46))),0) -> 2749.7402 | P46: ='1. Raw Data'!L46 -> 35 | Q46: =TRIM('1. Raw Data'!M46) -> Standard
A47: ='1. Raw Data'!A47 -> TXN-100045 | B47: =IFERROR(DATEVALUE('1. Raw Data'!B47),"") -> 45545 | C47: =IFERROR(TEXT(B47,"mmm"),"") -> Sep | D47: =IFERROR("Q"&INT((MONTH(B47)-1)/3+1),"") -> Q3 | E47: =IFERROR(YEAR(B47),"") -> 2024 | F47: =PROPER(TRIM('1. Raw Data'!C47)) -> Uptown | G47: =TRIM('1. Raw Data'!D47) -> Auto Loan | H47: =TRIM('1. Raw Data'!E47) -> Loans | I47: =TRIM('1. Raw Data'!F47) -> Rachel Moore | J47: =PROPER(TRIM('1. Raw Data'!G47)) -> Active | K47: =TRIM('1. Raw Data'!H47) -> High | L47: =IFERROR(IF('1. Raw Data'!I47="",AVERAGE(IF('1. Raw Data'!I3:I402<>"",'1. Raw Data'!I3:I402)),VALUE('1. Raw Data'!I47)),0) -> 5625.76 | M47: =IFERROR(IF('1. Raw Data'!J47="",AVERAGE(IF('1. Raw Data'!J3:J402<>"",'1. Raw Data'!J3:J402)),VALUE('1. Raw Data'!J47)),0) -> 9.47 | N47: ='1. Raw Data'!K47 -> 60 | O47: =IFERROR(IF(M47=0,0,(L47*(M47/100/12))/(1-(1+M47/100/12)^(-N47))),0) -> 118.06897 | P47: ='1. Raw Data'!L47 -> 31 | Q47: =TRIM('1. Raw Data'!M47) -> Basic
A48: ='1. Raw Data'!A48 -> TXN-100046 | B48: =IFERROR(DATEVALUE('1. Raw Data'!B48),"") -> 45466 | C48: =IFERROR(TEXT(B48,"mmm"),"") -> Jun | D48: =IFERROR("Q"&INT((MONTH(B48)-1)/3+1),"") -> Q2 | E48: =IFERROR(YEAR(B48),"") -> 2024 | F48: =PROPER(TRIM('1. Raw Data'!C48)) -> Northpark | G48: =TRIM('1. Raw Data'!D48) -> Credit Card | H48: =TRIM('1. Raw Data'!E48) -> Cards | I48: =TRIM('1. Raw Data'!F48) -> Maria Lopez | J48: =PROPER(TRIM('1. Raw Data'!G48)) -> Active | K48: =TRIM('1. Raw Data'!H48) -> High | L48: =IFERROR(IF('1. Raw Data'!I48="",AVERAGE(IF('1. Raw Data'!I3:I402<>"",'1. Raw Data'!I3:I402)),VALUE('1. Raw Data'!I48)),0) -> 238835.01 | M48: =IFERROR(IF('1. Raw Data'!J48="",AVERAGE(IF('1. Raw Data'!J3:J402<>"",'1. Raw Data'!J3:J402)),VALUE('1. Raw Data'!J48)),0) -> 10.42 | N48: ='1. Raw Data'!K48 -> 240 | O48: =IFERROR(IF(M48=0,0,(L48*(M48/100/12))/(1-(1+M48/100/12)^(-N48))),0) -> 2371.66 | P48: ='1. Raw Data'!L48 -> 40 | Q48: =TRIM('1. Raw Data'!M48) -> Premium
A49: ='1. Raw Data'!A49 -> TXN-100047 | B49: =IFERROR(DATEVALUE('1. Raw Data'!B49),"") -> 45501 | C49: =IFERROR(TEXT(B49,"mmm"),"") -> Jul | D49: =IFERROR("Q"&INT((MONTH(B49)-1)/3+1),"") -> Q3 | E49: =IFERROR(YEAR(B49),"") -> 2024 | F49: =PROPER(TRIM('1. Raw Data'!C49)) -> Downtown | G49: =TRIM('1. Raw Data'!D49) -> Personal Loan | H49: =TRIM('1. Raw Data'!E49) -> Loans | I49: =TRIM('1. Raw Data'!F49) -> Sarah Chen | J49: =PROPER(TRIM('1. Raw Data'!G49)) -> Active | K49: =TRIM('1. Raw Data'!H49) -> Medium | L49: =IFERROR(IF('1. Raw Data'!I49="",AVERAGE(IF('1. Raw Data'!I3:I402<>"",'1. Raw Data'!I3:I402)),VALUE('1. Raw Data'!I49)),0) -> 136255.47 | M49: =IFERROR(IF('1. Raw Data'!J49="",AVERAGE(IF('1. Raw Data'!J3:J402<>"",'1. Raw Data'!J3:J402)),VALUE('1. Raw Data'!J49)),0) -> 6.86 | N49: ='1. Raw Data'!K49 -> 360 | O49: =IFERROR(IF(M49=0,0,(L49*(M49/100/12))/(1-(1+M49/100/12)^(-N49))),0) -> 893.73621 | P49: ='1. Raw Data'!L49 -> 63 | Q49: =TRIM('1. Raw Data'!M49) -> Premium
A50: ='1. Raw Data'!A50 -> TXN-100048 | B50: =IFERROR(DATEVALUE('1. Raw Data'!B50),"") -> 45303 | C50: =IFERROR(TEXT(B50,"mmm"),"") -> Jan | D50: =IFERROR("Q"&INT((MONTH(B50)-1)/3+1),"") -> Q1 | E50: =IFERROR(YEAR(B50),"") -> 2024 | F50: =PROPER(TRIM('1. Raw Data'!C50)) -> Westside | G50: =TRIM('1. Raw Data'!D50) -> Personal Loan | H50: =TRIM('1. Raw Data'!E50) -> Loans | I50: =TRIM('1. Raw Data'!F50) -> Sarah Chen | J50: =PROPER(TRIM('1. Raw Data'!G50)) -> Active | K50: =TRIM('1. Raw Data'!H50) -> Low | L50: =IFERROR(IF('1. Raw Data'!I50="",AVERAGE(IF('1. Raw Data'!I3:I402<>"",'1. Raw Data'!I3:I402)),VALUE('1. Raw Data'!I50)),0) -> 97914.83 | M50: =IFERROR(IF('1. Raw Data'!J50="",AVERAGE(IF('1. Raw Data'!J3:J402<>"",'1. Raw Data'!J3:J402)),VALUE('1. Raw Data'!J50)),0) -> 9.32 | N50: ='1. Raw Data'!K50 -> 360 | O50: =IFERROR(IF(M50=0,0,(L50*(M50/100/12))/(1-(1+M50/100/12)^(-N50))),0) -> 810.49293 | P50: ='1. Raw Data'!L50 -> 29 | Q50: =TRIM('1. Raw Data'!M50) -> Standard
A51: ='1. Raw Data'!A51 -> TXN-100049 | B51: =IFERROR(DATEVALUE('1. Raw Data'!B51),"") -> 45552 | C51: =IFERROR(TEXT(B51,"mmm"),"") -> Sep | D51: =IFERROR("Q"&INT((MONTH(B51)-1)/3+1),"") -> Q3 | E51: =IFERROR(YEAR(B51),"") -> 2024 | F51: =PROPER(TRIM('1. Raw Data'!C51)) -> Uptown | G51: =TRIM('1. Raw Data'!D51) -> Personal Loan | H51: =TRIM('1. Raw Data'!E51) -> Loans | I51: =TRIM('1. Raw Data'!F51) -> James Patel | J51: =PROPER(TRIM('1. Raw Data'!G51)) -> Active | K51: =TRIM('1. Raw Data'!H51) -> Low | L51: =IFERROR(IF('1. Raw Data'!I51="",AVERAGE(IF('1. Raw Data'!I3:I402<>"",'1. Raw Data'!I3:I402)),VALUE('1. Raw Data'!I51)),0) -> 133993.39 | M51: =IFERROR(IF('1. Raw Data'!J51="",AVERAGE(IF('1. Raw Data'!J3:J402<>"",'1. Raw Data'!J3:J402)),VALUE('1. Raw Data'!J51)),0) -> 4.14 | N51: ='1. Raw Data'!K51 -> 120 | O51: =IFERROR(IF(M51=0,0,(L51*(M51/100/12))/(1-(1+M51/100/12)^(-N51))),0) -> 1365.5512 | P51: ='1. Raw Data'!L51 -> 55 | Q51: =TRIM('1. Raw Data'!M51) -> Premium
A52: ='1. Raw Data'!A52 -> TXN-100050 | B52: =IFERROR(DATEVALUE('1. Raw Data'!B52),"") -> 45599 | C52: =IFERROR(TEXT(B52,"mmm"),"") -> Nov | D52: =IFERROR("Q"&INT((MONTH(B52)-1)/3+1),"") -> Q4 | E52: =IFERROR(YEAR(B52),"") -> 2024 | F52: =PROPER(TRIM('1. Raw Data'!C52)) -> Westside | G52: =TRIM('1. Raw Data'!D52) -> Checking Account | H52: =TRIM('1. Raw Data'!E52) -> Deposits | I52: =TRIM('1. Raw Data'!F52) -> David Kim | J52: =PROPER(TRIM('1. Raw Data'!G52)) -> Active | K52: =TRIM('1. Raw Data'!H52) -> Medium | L52: =IFERROR(IF('1. Raw Data'!I52="",AVERAGE(IF('1. Raw Data'!I3:I402<>"",'1. Raw Data'!I3:I402)),VALUE('1. Raw Data'!I52)),0) -> 125196.99 | M52: =IFERROR(IF('1. Raw Data'!J52="",AVERAGE(IF('1. Raw Data'!J3:J402<>"",'1. Raw Data'!J3:J402)),VALUE('1. Raw Data'!J52)),0) -> 5.97 | N52: ='1. Raw Data'!K52 -> 240 | O52: =IFERROR(IF(M52=0,0,(L52*(M52/100/12))/(1-(1+M52/100/12)^(-N52))),0) -> 894.78466 | P52: ='1. Raw Data'!L52 -> 24 | Q52: =TRIM('1. Raw Data'!M52) -> Premium
A53: ='1. Raw Data'!A53 -> TXN-100051 | B53: =IFERROR(DATEVALUE('1. Raw Data'!B53),"") -> 45318 | C53: =IFERROR(TEXT(B53,"mmm"),"") -> Jan | D53: =IFERROR("Q"&INT((MONTH(B53)-1)/3+1),"") -> Q1 | E53: =IFERROR(YEAR(B53),"") -> 2024 | F53: =PROPER(TRIM('1. Raw Data'!C53)) -> Uptown | G53: =TRIM('1. Raw Data'!D53) -> Auto Loan | H53: =TRIM('1. Raw Data'!E53) -> Loans | I53: =TRIM('1. Raw Data'!F53) -> Rachel Moore | J53: =PROPER(TRIM('1. Raw Data'!G53)) -> Active | K53: =TRIM('1. Raw Data'!H53) -> Low | L53: =IFERROR(IF('1. Raw Data'!I53="",AVERAGE(IF('1. Raw Data'!I3:I402<>"",'1. Raw Data'!I3:I402)),VALUE('1. Raw Data'!I53)),0) -> 54418.04 | M53: =IFERROR(IF('1. Raw Data'!J53="",AVERAGE(IF('1. Raw Data'!J3:J402<>"",'1. Raw Data'!J3:J402)),VALUE('1. Raw Data'!J53)),0) -> 10.95 | N53: ='1. Raw Data'!K53 -> 6 | O53: =IFERROR(IF(M53=0,0,(L53*(M53/100/12))/(1-(1+M53/100/12)^(-N53))),0) -> 9361.5286 | P53: ='1. Raw Data'!L53 -> 50 | Q53: =TRIM('1. Raw Data'!M53) -> Standard
A54: ='1. Raw Data'!A54 -> TXN-100052 | B54: =IFERROR(DATEVALUE('1. Raw Data'!B54),"") -> 45372 | C54: =IFERROR(TEXT(B54,"mmm"),"") -> Mar | D54: =IFERROR("Q"&INT((MONTH(B54)-1)/3+1),"") -> Q1 | E54: =IFERROR(YEAR(B54),"") -> 2024 | F54: =PROPER(TRIM('1. Raw Data'!C54)) -> Downtown | G54: =TRIM('1. Raw Data'!D54) -> Mortgage | H54: =TRIM('1. Raw Data'!E54) -> Loans | I54: =TRIM('1. Raw Data'!F54) -> Sarah Chen | J54: =PROPER(TRIM('1. Raw Data'!G54)) -> Active | K54: =TRIM('1. Raw Data'!H54) -> Low | L54: =IFERROR(IF('1. Raw Data'!I54="",AVERAGE(IF('1. Raw Data'!I3:I402<>"",'1. Raw Data'!I3:I402)),VALUE('1. Raw Data'!I54)),0) -> 108139.41 | M54: =IFERROR(IF('1. Raw Data'!J54="",AVERAGE(IF('1. Raw Data'!J3:J402<>"",'1. Raw Data'!J3:J402)),VALUE('1. Raw Data'!J54)),0) -> 12.71 | N54: ='1. Raw Data'!K54 -> 240 | O54: =IFERROR(IF(M54=0,0,(L54*(M54/100/12))/(1-(1+M54/100/12)^(-N54))),0) -> 1244.6607 | P54: ='1. Raw Data'!L54 -> 51 | Q54: =TRIM('1. Raw Data'!M54) -> Premium
A55: ='1. Raw Data'!A55 -> TXN-100053 | B55: =IFERROR(DATEVALUE('1. Raw Data'!B55),"") -> 45604 | C55: =IFERROR(TEXT(B55,"mmm"),"") -> Nov | D55: =IFERROR("Q"&INT((MONTH(B55)-1)/3+1),"") -> Q4 | E55: =IFERROR(YEAR(B55),"") -> 2024 | F55: =PROPER(TRIM('1. Raw Data'!C55)) -> Downtown | G55: =TRIM('1. Raw Data'!D55) -> Credit Card | H55: =TRIM('1. Raw Data'!E55) -> Cards | I55: =TRIM('1. Raw Data'!F55) -> Sarah Chen | J55: =PROPER(TRIM('1. Raw Data'!G55)) -> Inactive | K55: =TRIM('1. Raw Data'!H55) -> Low | L55: =IFERROR(IF('1. Raw Data'!I55="",AVERAGE(IF('1. Raw Data'!I3:I402<>"",'1. Raw Data'!I3:I402)),VALUE('1. Raw Data'!I55)),0) -> 142609.84 | M55: =IFERROR(IF('1. Raw Data'!J55="",AVERAGE(IF('1. Raw Data'!J3:J402<>"",'1. Raw Data'!J3:J402)),VALUE('1. Raw Data'!J55)),0) -> 12.26 | N55: ='1. Raw Data'!K55 -> 180 | O55: =IFERROR(IF(M55=0,0,(L55*(M55/100/12))/(1-(1+M55/100/12)^(-N55))),0) -> 1735.4846 | P55: ='1. Raw Data'!L55 -> 70 | Q55: =TRIM('1. Raw Data'!M55) -> Premium
A56: ='1. Raw Data'!A56 -> TXN-100054 | B56: =IFERROR(DATEVALUE('1. Raw Data'!B56),"") -> 45562 | C56: =IFERROR(TEXT(B56,"mmm"),"") -> Sep | D56: =IFERROR("Q"&INT((MONTH(B56)-1)/3+1),"") -> Q3 | E56: =IFERROR(YEAR(B56),"") -> 2024 | F56: =PROPER(TRIM('1. Raw Data'!C56)) -> Downtown | G56: =TRIM('1. Raw Data'!D56) -> Auto Loan | H56: =TRIM('1. Raw Data'!E56) -> Loans | I56: =TRIM('1. Raw Data'!F56) -> Rachel Moore | J56: =PROPER(TRIM('1. Raw Data'!G56)) -> Pending | K56: =TRIM('1. Raw Data'!H56) -> Medium | L56: =IFERROR(IF('1. Raw Data'!I56="",AVERAGE(IF('1. Raw Data'!I3:I402<>"",'1. Raw Data'!I3:I402)),VALUE('1. Raw Data'!I56)),0) -> 50622.52 | M56: =IFERROR(IF('1. Raw Data'!J56="",AVERAGE(IF('1. Raw Data'!J3:J402<>"",'1. Raw Data'!J3:J402)),VALUE('1. Raw Data'!J56)),0) -> 7.27 | N56: ='1. Raw Data'!K56 -> 48 | O56: =IFERROR(IF(M56=0,0,(L56*(M56/100/12))/(1-(1+M56/100/12)^(-N56))),0) -> 1218.5706 | P56: ='1. Raw Data'!L56 -> 33 | Q56: =TRIM('1. Raw Data'!M56) -> Standard
A57: ='1. Raw Data'!A57 -> TXN-100055 | B57: =IFERROR(DATEVALUE('1. Raw Data'!B57),"") -> 45376 | C57: =IFERROR(TEXT(B57,"mmm"),"") -> Mar | D57: =IFERROR("Q"&INT((MONTH(B57)-1)/3+1),"") -> Q1 | E57: =IFERROR(YEAR(B57),"") -> 2024 | F57: =PROPER(TRIM('1. Raw Data'!C57)) -> Westside | G57: =TRIM('1. Raw Data'!D57) -> Credit Card | H57: =TRIM('1. Raw Data'!E57) -> Cards | I57: =TRIM('1. Raw Data'!F57) -> David Kim | J57: =PROPER(TRIM('1. Raw Data'!G57)) -> Active | K57: =TRIM('1. Raw Data'!H57) -> High | L57: =IFERROR(IF('1. Raw Data'!I57="",AVERAGE(IF('1. Raw Data'!I3:I402<>"",'1. Raw Data'!I3:I402)),VALUE('1. Raw Data'!I57)),0) -> 243887.25 | M57: =IFERROR(IF('1. Raw Data'!J57="",AVERAGE(IF('1. Raw Data'!J3:J402<>"",'1. Raw Data'!J3:J402)),VALUE('1. Raw Data'!J57)),0) -> 0 | N57: ='1. Raw Data'!K57 -> 36 | O57: =IFERROR(IF(M57=0,0,(L57*(M57/100/12))/(1-(1+M57/100/12)^(-N57))),0) -> 0 | P57: ='1. Raw Data'!L57 -> 33 | Q57: =TRIM('1. Raw Data'!M57) -> Premium
A58: ='1. Raw Data'!A58 -> TXN-100056 | B58: =IFERROR(DATEVALUE('1. Raw Data'!B58),"") -> 45485 | C58: =IFERROR(TEXT(B58,"mmm"),"") -> Jul | D58: =IFERROR("Q"&INT((MONTH(B58)-1)/3+1),"") -> Q3 | E58: =IFERROR(YEAR(B58),"") -> 2024 | F58: =PROPER(TRIM('1. Raw Data'!C58)) -> Northpark | G58: =TRIM('1. Raw Data'!D58) -> Mortgage | H58: =TRIM('1. Raw Data'!E58) -> Loans | I58: =TRIM('1. Raw Data'!F58) -> Maria Lopez | J58: =PROPER(TRIM('1. Raw Data'!G58)) -> Active | K58: =TRIM('1. Raw Data'!H58) -> Medium | L58: =IFERROR(IF('1. Raw Data'!I58="",AVERAGE(IF('1. Raw Data'!I3:I402<>"",'1. Raw Data'!I3:I402)),VALUE('1. Raw Data'!I58)),0) -> 100573.87 | M58: =IFERROR(IF('1. Raw Data'!J58="",AVERAGE(IF('1. Raw Data'!J3:J402<>"",'1. Raw Data'!J3:J402)),VALUE('1. Raw Data'!J58)),0) -> 12.67 | N58: ='1. Raw Data'!K58 -> 60 | O58: =IFERROR(IF(M58=0,0,(L58*(M58/100/12))/(1-(1+M58/100/12)^(-N58))),0) -> 2271.4106 | P58: ='1. Raw Data'!L58 -> 72 | Q58: =TRIM('1. Raw Data'!M58) -> Premium
A59: ='1. Raw Data'!A59 -> TXN-100057 | B59: =IFERROR(DATEVALUE('1. Raw Data'!B59),"") -> 45374 | C59: =IFERROR(TEXT(B59,"mmm"),"") -> Mar | D59: =IFERROR("Q"&INT((MONTH(B59)-1)/3+1),"") -> Q1 | E59: =IFERROR(YEAR(B59),"") -> 2024 | F59: =PROPER(TRIM('1. Raw Data'!C59)) -> Eastgate | G59: =TRIM('1. Raw Data'!D59) -> Auto Loan | H59: =TRIM('1. Raw Data'!E59) -> Loans | I59: =TRIM('1. Raw Data'!F59) -> James Patel | J59: =PROPER(TRIM('1. Raw Data'!G59)) -> Active | K59: =TRIM('1. Raw Data'!H59) -> High | L59: =IFERROR(IF('1. Raw Data'!I59="",AVERAGE(IF('1. Raw Data'!I3:I402<>"",'1. Raw Data'!I3:I402)),VALUE('1. Raw Data'!I59)),0) -> 154461.28 | M59: =IFERROR(IF('1. Raw Data'!J59="",AVERAGE(IF('1. Raw Data'!J3:J402<>"",'1. Raw Data'!J3:J402)),VALUE('1. Raw Data'!J59)),0) -> 8.29 | N59: ='1. Raw Data'!K59 -> 240 | O59: =IFERROR(IF(M59=0,0,(L59*(M59/100/12))/(1-(1+M59/100/12)^(-N59))),0) -> 1319.9922 | P59: ='1. Raw Data'!L59 -> 64 | Q59: =TRIM('1. Raw Data'!M59) -> Premium
A60: ='1. Raw Data'!A60 -> TXN-100058 | B60: =IFERROR(DATEVALUE('1. Raw Data'!B60),"") -> 45450 | C60: =IFERROR(TEXT(B60,"mmm"),"") -> Jun | D60: =IFERROR("Q"&INT((MONTH(B60)-1)/3+1),"") -> Q2 | E60: =IFERROR(YEAR(B60),"") -> 2024 | F60: =PROPER(TRIM('1. Raw Data'!C60)) -> Eastgate | G60: =TRIM('1. Raw Data'!D60) -> Auto Loan | H60: =TRIM('1. Raw Data'!E60) -> Loans | I60: =TRIM('1. Raw Data'!F60) -> David Kim | J60: =PROPER(TRIM('1. Raw Data'!G60)) -> Active | K60: =TRIM('1. Raw Data'!H60) -> Medium | L60: =IFERROR(IF('1. Raw Data'!I60="",AVERAGE(IF('1. Raw Data'!I3:I402<>"",'1. Raw Data'!I3:I402)),VALUE('1. Raw Data'!I60)),0) -> 176157.79 | M60: =IFERROR(IF('1. Raw Data'!J60="",AVERAGE(IF('1. Raw Data'!J3:J402<>"",'1. Raw Data'!J3:J402)),VALUE('1. Raw Data'!J60)),0) -> 3.53 | N60: ='1. Raw Data'!K60 -> 36 | O60: =IFERROR(IF(M60=0,0,(L60*(M60/100/12))/(1-(1+M60/100/12)^(-N60))),0) -> 5164.1299 | P60: ='1. Raw Data'!L60 -> 72 | Q60: =TRIM('1. Raw Data'!M60) -> Premium
A61: ='1. Raw Data'!A61 -> TXN-100059 | B61: =IFERROR(DATEVALUE('1. Raw Data'!B61),"") -> 45628 | C61: =IFERROR(TEXT(B61,"mmm"),"") -> Dec | D61: =IFERROR("Q"&INT((MONTH(B61)-1)/3+1),"") -> Q4 | E61: =IFERROR(YEAR(B61),"") -> 2024 | F61: =PROPER(TRIM('1. Raw Data'!C61)) -> Uptown | G61: =TRIM('1. Raw Data'!D61) -> Auto Loan | H61: =TRIM('1. Raw Data'!E61) -> Loans | I61: =TRIM('1. Raw Data'!F61) -> Sarah Chen | J61: =PROPER(TRIM('1. Raw Data'!G61)) -> Active | K61: =TRIM('1. Raw Data'!H61) -> Low | L61: =IFERROR(IF('1. Raw Data'!I61="",AVERAGE(IF('1. Raw Data'!I3:I402<>"",'1. Raw Data'!I3:I402)),VALUE('1. Raw Data'!I61)),0) -> 21996.18 | M61: =IFERROR(IF('1. Raw Data'!J61="",AVERAGE(IF('1. Raw Data'!J3:J402<>"",'1. Raw Data'!J3:J402)),VALUE('1. Raw Data'!J61)),0) -> 7.91 | N61: ='1. Raw Data'!K61 -> 36 | O61: =IFERROR(IF(M61=0,0,(L61*(M61/100/12))/(1-(1+M61/100/12)^(-N61))),0) -> 688.36745 | P61: ='1. Raw Data'!L61 -> 68 | Q61: =TRIM('1. Raw Data'!M61) -> Basic
A62: ='1. Raw Data'!A62 -> TXN-100060 | B62: =IFERROR(DATEVALUE('1. Raw Data'!B62),"") -> 45452 | C62: =IFERROR(TEXT(B62,"mmm"),"") -> Jun | D62: =IFERROR("Q"&INT((MONTH(B62)-1)/3+1),"") -> Q2 | E62: =IFERROR(YEAR(B62),"") -> 2024 | F62: =PROPER(TRIM('1. Raw Data'!C62)) -> Northpark | G62: =TRIM('1. Raw Data'!D62) -> Business Loan | H62: =TRIM('1. Raw Data'!E62) -> Loans | I62: =TRIM('1. Raw Data'!F62) -> Rachel Moore | J62: =PROPER(TRIM('1. Raw Data'!G62)) -> Pending | K62: =TRIM('1. Raw Data'!H62) -> Medium | L62: =IFERROR(IF('1. Raw Data'!I62="",AVERAGE(IF('1. Raw Data'!I3:I402<>"",'1. Raw Data'!I3:I402)),VALUE('1. Raw Data'!I62)),0) -> 184311.2 | M62: =IFERROR(IF('1. Raw Data'!J62="",AVERAGE(IF('1. Raw Data'!J3:J402<>"",'1. Raw Data'!J3:J402)),VALUE('1. Raw Data'!J62)),0) -> 4.44 | N62: ='1. Raw Data'!K62 -> 24 | O62: =IFERROR(IF(M62=0,0,(L62*(M62/100/12))/(1-(1+M62/100/12)^(-N62))),0) -> 8039.8441 | P62: ='1. Raw Data'!L62 -> 52 | Q62: =TRIM('1. Raw Data'!M62) -> Premium
A63: ='1. Raw Data'!A63 -> TXN-100061 | B63: =IFERROR(DATEVALUE('1. Raw Data'!B63),"") -> 45524 | C63: =IFERROR(TEXT(B63,"mmm"),"") -> Aug | D63: =IFERROR("Q"&INT((MONTH(B63)-1)/3+1),"") -> Q3 | E63: =IFERROR(YEAR(B63),"") -> 2024 | F63: =PROPER(TRIM('1. Raw Data'!C63)) -> Eastgate | G63: =TRIM('1. Raw Data'!D63) -> Fixed Deposit | H63: =TRIM('1. Raw Data'!E63) -> Deposits | I63: =TRIM('1. Raw Data'!F63) -> James Patel | J63: =PROPER(TRIM('1. Raw Data'!G63)) -> Active | K63: =TRIM('1. Raw Data'!H63) -> High | L63: =IFERROR(IF('1. Raw Data'!I63="",AVERAGE(IF('1. Raw Data'!I3:I402<>"",'1. Raw Data'!I3:I402)),VALUE('1. Raw Data'!I63)),0) -> 149148.93 | M63: =IFERROR(IF('1. Raw Data'!J63="",AVERAGE(IF('1. Raw Data'!J3:J402<>"",'1. Raw Data'!J3:J402)),VALUE('1. Raw Data'!J63)),0) -> 8.66 | N63: ='1. Raw Data'!K63 -> 360 | O63: =IFERROR(IF(M63=0,0,(L63*(M63/100/12))/(1-(1+M63/100/12)^(-N63))),0) -> 1163.7812 | P63: ='1. Raw Data'!L63 -> 51 | Q63: =TRIM('1. Raw Data'!M63) -> Premium
A64: ='1. Raw Data'!A64 -> TXN-100062 | B64: =IFERROR(DATEVALUE('1. Raw Data'!B64),"") -> 45304 | C64: =IFERROR(TEXT(B64,"mmm"),"") -> Jan | D64: =IFERROR("Q"&INT((MONTH(B64)-1)/3+1),"") -> Q1 | E64: =IFERROR(YEAR(B64),"") -> 2024 | F64: =PROPER(TRIM('1. Raw Data'!C64)) -> Eastgate | G64: =TRIM('1. Raw Data'!D64) -> Mortgage | H64: =TRIM('1. Raw Data'!E64) -> Loans | I64: =TRIM('1. Raw Data'!F64) -> Sarah Chen | J64: =PROPER(TRIM('1. Raw Data'!G64)) -> Active | K64: =TRIM('1. Raw Data'!H64) -> Medium | L64: =IFERROR(IF('1. Raw Data'!I64="",AVERAGE(IF('1. Raw Data'!I3:I402<>"",'1. Raw Data'!I3:I402)),VALUE('1. Raw Data'!I64)),0) -> 109274.49 | M64: =IFERROR(IF('1. Raw Data'!J64="",AVERAGE(IF('1. Raw Data'!J3:J402<>"",'1. Raw Data'!J3:J402)),VALUE('1. Raw Data'!J64)),0) -> 13.39 | N64: ='1. Raw Data'!K64 -> 6 | O64: =IFERROR(IF(M64=0,0,(L64*(M64/100/12))/(1-(1+M64/100/12)^(-N64))),0) -> 18930.262 | P64: ='1. Raw Data'!L64 -> 68 | Q64: =TRIM('1. Raw Data'!M64) -> Premium
A65: ='1. Raw Data'!A65 -> TXN-100063 | B65: =IFERROR(DATEVALUE('1. Raw Data'!B65),"") -> 45633 | C65: =IFERROR(TEXT(B65,"mmm"),"") -> Dec | D65: =IFERROR("Q"&INT((MONTH(B65)-1)/3+1),"") -> Q4 | E65: =IFERROR(YEAR(B65),"") -> 2024 | F65: =PROPER(TRIM('1. Raw Data'!C65)) -> Eastgate | G65: =TRIM('1. Raw Data'!D65) -> Checking Account | H65: =TRIM('1. Raw Data'!E65) -> Deposits | I65: =TRIM('1. Raw Data'!F65) -> Sarah Chen | J65: =PROPER(TRIM('1. Raw Data'!G65)) -> Active | K65: =TRIM('1. Raw Data'!H65) -> High | L65: =IFERROR(IF('1. Raw Data'!I65="",AVERAGE(IF('1. Raw Data'!I3:I402<>"",'1. Raw Data'!I3:I402)),VALUE('1. Raw Data'!I65)),0) -> 33892.5 | M65: =IFERROR(IF('1. Raw Data'!J65="",AVERAGE(IF('1. Raw Data'!J3:J402<>"",'1. Raw Data'!J3:J402)),VALUE('1. Raw Data'!J65)),0) -> 5.04 | N65: ='1. Raw Data'!K65 -> 48 | O65: =IFERROR(IF(M65=0,0,(L65*(M65/100/12))/(1-(1+M65/100/12)^(-N65))),0) -> 781.1346 | P65: ='1. Raw Data'!L65 -> 23 | Q65: =TRIM('1. Raw Data'!M65) -> Standard
A66: ='1. Raw Data'!A66 -> TXN-100064 | B66: =IFERROR(DATEVALUE('1. Raw Data'!B66),"") -> 45399 | C66: =IFERROR(TEXT(B66,"mmm"),"") -> Apr | D66: =IFERROR("Q"&INT((MONTH(B66)-1)/3+1),"") -> Q2 | E66: =IFERROR(YEAR(B66),"") -> 2024 | F66: =PROPER(TRIM('1. Raw Data'!C66)) -> Downtown | G66: =TRIM('1. Raw Data'!D66) -> Mortgage | H66: =TRIM('1. Raw Data'!E66) -> Loans | I66: =TRIM('1. Raw Data'!F66) -> James Patel | J66: =PROPER(TRIM('1. Raw Data'!G66)) -> Active | K66: =TRIM('1. Raw Data'!H66) -> Low | L66: =IFERROR(IF('1. Raw Data'!I66="",AVERAGE(IF('1. Raw Data'!I3:I402<>"",'1. Raw Data'!I3:I402)),VALUE('1. Raw Data'!I66)),0) -> 188461.69 | M66: =IFERROR(IF('1. Raw Data'!J66="",AVERAGE(IF('1. Raw Data'!J3:J402<>"",'1. Raw Data'!J3:J402)),VALUE('1. Raw Data'!J66)),0) -> 4.61 | N66: ='1. Raw Data'!K66 -> 48 | O66: =IFERROR(IF(M66=0,0,(L66*(M66/100/12))/(1-(1+M66/100/12)^(-N66))),0) -> 4306.9236 | P66: ='1. Raw Data'!L66 -> 52 | Q66: =TRIM('1. Raw Data'!M66) -> Premium
A67: ='1. Raw Data'!A67 -> TXN-100065 | B67: =IFERROR(DATEVALUE('1. Raw Data'!B67),"") -> 45567 | C67: =IFERROR(TEXT(B67,"mmm"),"") -> Oct | D67: =IFERROR("Q"&INT((MONTH(B67)-1)/3+1),"") -> Q4 | E67: =IFERROR(YEAR(B67),"") -> 2024 | F67: =PROPER(TRIM('1. Raw Data'!C67)) -> Westside | G67: =TRIM('1. Raw Data'!D67) -> Checking Account | H67: =TRIM('1. Raw Data'!E67) -> Deposits | I67: =TRIM('1. Raw Data'!F67) -> David Kim | J67: =PROPER(TRIM('1. Raw Data'!G67)) -> Active | K67: =TRIM('1. Raw Data'!H67) -> Low | L67: =IFERROR(IF('1. Raw Data'!I67="",AVERAGE(IF('1. Raw Data'!I3:I402<>"",'1. Raw Data'!I3:I402)),VALUE('1. Raw Data'!I67)),0) -> 205594.46 | M67: =IFERROR(IF('1. Raw Data'!J67="",AVERAGE(IF('1. Raw Data'!J3:J402<>"",'1. Raw Data'!J3:J402)),VALUE('1. Raw Data'!J67)),0) -> 13.26 | N67: ='1. Raw Data'!K67 -> 36 | O67: =IFERROR(IF(M67=0,0,(L67*(M67/100/12))/(1-(1+M67/100/12)^(-N67))),0) -> 6953.065 | P67: ='1. Raw Data'!L67 -> 73 | Q67: =TRIM('1. Raw Data'!M67) -> Premium
A68: ='1. Raw Data'!A68 -> TXN-100066 | B68: =IFERROR(DATEVALUE('1. Raw Data'!B68),"") -> 45464 | C68: =IFERROR(TEXT(B68,"mmm"),"") -> Jun | D68: =IFERROR("Q"&INT((MONTH(B68)-1)/3+1),"") -> Q2 | E68: =IFERROR(YEAR(B68),"") -> 2024 | F68: =PROPER(TRIM('1. Raw Data'!C68)) -> Westside | G68: =TRIM('1. Raw Data'!D68) -> Auto Loan | H68: =TRIM('1. Raw Data'!E68) -> Loans | I68: =TRIM('1. Raw Data'!F68) -> James Patel | J68: =PROPER(TRIM('1. Raw Data'!G68)) -> Inactive | K68: =TRIM('1. Raw Data'!H68) -> Medium | L68: =IFERROR(IF('1. Raw Data'!I68="",AVERAGE(IF('1. Raw Data'!I3:I402<>"",'1. Raw Data'!I3:I402)),VALUE('1. Raw Data'!I68)),0) -> 75749.14 | M68: =IFERROR(IF('1. Raw Data'!J68="",AVERAGE(IF('1. Raw Data'!J3:J402<>"",'1. Raw Data'!J3:J402)),VALUE('1. Raw Data'!J68)),0) -> 9.91 | N68: ='1. Raw Data'!K68 -> 180 | O68: =IFERROR(IF(M68=0,0,(L68*(M68/100/12))/(1-(1+M68/100/12)^(-N68))),0) -> 809.8385 | P68: ='1. Raw Data'!L68 -> 22 | Q68: =TRIM('1. Raw Data'!M68) -> Standard
A69: ='1. Raw Data'!A69 -> TXN-100067 | B69: =IFERROR(DATEVALUE('1. Raw Data'!B69),"") -> 45363 | C69: =IFERROR(TEXT(B69,"mmm"),"") -> Mar | D69: =IFERROR("Q"&INT((MONTH(B69)-1)/3+1),"") -> Q1 | E69: =IFERROR(YEAR(B69),"") -> 2024 | F69: =PROPER(TRIM('1. Raw Data'!C69)) -> Downtown | G69: =TRIM('1. Raw Data'!D69) -> Business Loan | H69: =TRIM('1. Raw Data'!E69) -> Loans | I69: =TRIM('1. Raw Data'!F69) -> Maria Lopez | J69: =PROPER(TRIM('1. Raw Data'!G69)) -> Inactive | K69: =TRIM('1. Raw Data'!H69) -> Low | L69: =IFERROR(IF('1. Raw Data'!I69="",AVERAGE(IF('1. Raw Data'!I3:I402<>"",'1. Raw Data'!I3:I402)),VALUE('1. Raw Data'!I69)),0) -> 90056.17 | M69: =IFERROR(IF('1. Raw Data'!J69="",AVERAGE(IF('1. Raw Data'!J3:J402<>"",'1. Raw Data'!J3:J402)),VALUE('1. Raw Data'!J69)),0) -> 9.28 | N69: ='1. Raw Data'!K69 -> 48 | O69: =IFERROR(IF(M69=0,0,(L69*(M69/100/12))/(1-(1+M69/100/12)^(-N69))),0) -> 2253.044 | P69: ='1. Raw Data'!L69 -> 42 | Q69: =TRIM('1. Raw Data'!M69) -> Standard
A70: ='1. Raw Data'!A70 -> TXN-100068 | B70: =IFERROR(DATEVALUE('1. Raw Data'!B70),"") -> 45325 | C70: =IFERROR(TEXT(B70,"mmm"),"") -> Feb | D70: =IFERROR("Q"&INT((MONTH(B70)-1)/3+1),"") -> Q1 | E70: =IFERROR(YEAR(B70),"") -> 2024 | F70: =PROPER(TRIM('1. Raw Data'!C70)) -> Uptown | G70: =TRIM('1. Raw Data'!D70) -> Mortgage | H70: =TRIM('1. Raw Data'!E70) -> Loans | I70: =TRIM('1. Raw Data'!F70) -> Maria Lopez | J70: =PROPER(TRIM('1. Raw Data'!G70)) -> Pending | K70: =TRIM('1. Raw Data'!H70) -> High | L70: =IFERROR(IF('1. Raw Data'!I70="",AVERAGE(IF('1. Raw Data'!I3:I402<>"",'1. Raw Data'!I3:I402)),VALUE('1. Raw Data'!I70)),0) -> 167229.08 | M70: =IFERROR(IF('1. Raw Data'!J70="",AVERAGE(IF('1. Raw Data'!J3:J402<>"",'1. Raw Data'!J3:J402)),VALUE('1. Raw Data'!J70)),0) -> 3.33 | N70: ='1. Raw Data'!K70 -> 12 | O70: =IFERROR(IF(M70=0,0,(L70*(M70/100/12))/(1-(1+M70/100/12)^(-N70))),0) -> 14188.4 | P70: ='1. Raw Data'!L70 -> 65 | Q70: =TRIM('1. Raw Data'!M70) -> Premium
A71: ='1. Raw Data'!A71 -> TXN-100069 | B71: =IFERROR(DATEVALUE('1. Raw Data'!B71),"") -> 45548 | C71: =IFERROR(TEXT(B71,"mmm"),"") -> Sep | D71: =IFERROR("Q"&INT((MONTH(B71)-1)/3+1),"") -> Q3 | E71: =IFERROR(YEAR(B71),"") -> 2024 | F71: =PROPER(TRIM('1. Raw Data'!C71)) -> Uptown | G71: =TRIM('1. Raw Data'!D71) -> Checking Account | H71: =TRIM('1. Raw Data'!E71) -> Deposits | I71: =TRIM('1. Raw Data'!F71) -> James Patel | J71: =PROPER(TRIM('1. Raw Data'!G71)) -> Active | K71: =TRIM('1. Raw Data'!H71) -> Medium | L71: =IFERROR(IF('1. Raw Data'!I71="",AVERAGE(IF('1. Raw Data'!I3:I402<>"",'1. Raw Data'!I3:I402)),VALUE('1. Raw Data'!I71)),0) -> 42386.9 | M71: =IFERROR(IF('1. Raw Data'!J71="",AVERAGE(IF('1. Raw Data'!J3:J402<>"",'1. Raw Data'!J3:J402)),VALUE('1. Raw Data'!J71)),0) -> 9.99 | N71: ='1. Raw Data'!K71 -> 60 | O71: =IFERROR(IF(M71=0,0,(L71*(M71/100/12))/(1-(1+M71/100/12)^(-N71))),0) -> 900.38781 | P71: ='1. Raw Data'!L71 -> 42 | Q71: =TRIM('1. Raw Data'!M71) -> Standard
A72: ='1. Raw Data'!A72 -> TXN-100070 | B72: =IFERROR(DATEVALUE('1. Raw Data'!B72),"") -> 45424 | C72: =IFERROR(TEXT(B72,"mmm"),"") -> May | D72: =IFERROR("Q"&INT((MONTH(B72)-1)/3+1),"") -> Q2 | E72: =IFERROR(YEAR(B72),"") -> 2024 | F72: =PROPER(TRIM('1. Raw Data'!C72)) -> Northpark | G72: =TRIM('1. Raw Data'!D72) -> Checking Account | H72: =TRIM('1. Raw Data'!E72) -> Deposits | I72: =TRIM('1. Raw Data'!F72) -> Sarah Chen | J72: =PROPER(TRIM('1. Raw Data'!G72)) -> Active | K72: =TRIM('1. Raw Data'!H72) -> Low | L72: =IFERROR(IF('1. Raw Data'!I72="",AVERAGE(IF('1. Raw Data'!I3:I402<>"",'1. Raw Data'!I3:I402)),VALUE('1. Raw Data'!I72)),0) -> 117592.8 | M72: =IFERROR(IF('1. Raw Data'!J72="",AVERAGE(IF('1. Raw Data'!J3:J402<>"",'1. Raw Data'!J3:J402)),VALUE('1. Raw Data'!J72)),0) -> 3.19 | N72: ='1. Raw Data'!K72 -> 48 | O72: =IFERROR(IF(M72=0,0,(L72*(M72/100/12))/(1-(1+M72/100/12)^(-N72))),0) -> 2612.7239 | P72: ='1. Raw Data'!L72 -> 63 | Q72: =TRIM('1. Raw Data'!M72) -> Premium
A73: ='1. Raw Data'!A73 -> TXN-100071 | B73: =IFERROR(DATEVALUE('1. Raw Data'!B73),"") -> 45348 | C73: =IFERROR(TEXT(B73,"mmm"),"") -> Feb | D73: =IFERROR("Q"&INT((MONTH(B73)-1)/3+1),"") -> Q1 | E73: =IFERROR(YEAR(B73),"") -> 2024 | F73: =PROPER(TRIM('1. Raw Data'!C73)) -> Uptown | G73: =TRIM('1. Raw Data'!D73) -> Credit Card | H73: =TRIM('1. Raw Data'!E73) -> Cards | I73: =TRIM('1. Raw Data'!F73) -> David Kim | J73: =PROPER(TRIM('1. Raw Data'!G73)) -> Active | K73: =TRIM('1. Raw Data'!H73) -> High | L73: =IFERROR(IF('1. Raw Data'!I73="",AVERAGE(IF('1. Raw Data'!I3:I402<>"",'1. Raw Data'!I3:I402)),VALUE('1. Raw Data'!I73)),0) -> 140174.43 | M73: =IFERROR(IF('1. Raw Data'!J73="",AVERAGE(IF('1. Raw Data'!J3:J402<>"",'1. Raw Data'!J3:J402)),VALUE('1. Raw Data'!J73)),0) -> 2.51 | N73: ='1. Raw Data'!K73 -> 360 | O73: =IFERROR(IF(M73=0,0,(L73*(M73/100/12))/(1-(1+M73/100/12)^(-N73))),0) -> 554.58754 | P73: ='1. Raw Data'!L73 -> 65 | Q73: =TRIM('1. Raw Data'!M73) -> Premium
A74: ='1. Raw Data'!A74 -> TXN-100072 | B74: =IFERROR(DATEVALUE('1. Raw Data'!B74),"") -> 45513 | C74: =IFERROR(TEXT(B74,"mmm"),"") -> Aug | D74: =IFERROR("Q"&INT((MONTH(B74)-1)/3+1),"") -> Q3 | E74: =IFERROR(YEAR(B74),"") -> 2024 | F74: =PROPER(TRIM('1. Raw Data'!C74)) -> Uptown | G74: =TRIM('1. Raw Data'!D74) -> Mortgage | H74: =TRIM('1. Raw Data'!E74) -> Loans | I74: =TRIM('1. Raw Data'!F74) -> David Kim | J74: =PROPER(TRIM('1. Raw Data'!G74)) -> Pending | K74: =TRIM('1. Raw Data'!H74) -> High | L74: =IFERROR(IF('1. Raw Data'!I74="",AVERAGE(IF('1. Raw Data'!I3:I402<>"",'1. Raw Data'!I3:I402)),VALUE('1. Raw Data'!I74)),0) -> 104374.7 | M74: =IFERROR(IF('1. Raw Data'!J74="",AVERAGE(IF('1. Raw Data'!J3:J402<>"",'1. Raw Data'!J3:J402)),VALUE('1. Raw Data'!J74)),0) -> 12.43 | N74: ='1. Raw Data'!K74 -> 36 | O74: =IFERROR(IF(M74=0,0,(L74*(M74/100/12))/(1-(1+M74/100/12)^(-N74))),0) -> 3488.2088 | P74: ='1. Raw Data'!L74 -> 50 | Q74: =TRIM('1. Raw Data'!M74) -> Premium
A75: ='1. Raw Data'!A75 -> TXN-100073 | B75: =IFERROR(DATEVALUE('1. Raw Data'!B75),"") -> 45340 | C75: =IFERROR(TEXT(B75,"mmm"),"") -> Feb | D75: =IFERROR("Q"&INT((MONTH(B75)-1)/3+1),"") -> Q1 | E75: =IFERROR(YEAR(B75),"") -> 2024 | F75: =PROPER(TRIM('1. Raw Data'!C75)) -> Uptown | G75: =TRIM('1. Raw Data'!D75) -> Auto Loan | H75: =TRIM('1. Raw Data'!E75) -> Loans | I75: =TRIM('1. Raw Data'!F75) -> David Kim | J75: =PROPER(TRIM('1. Raw Data'!G75)) -> Pending | K75: =TRIM('1. Raw Data'!H75) -> Low | L75: =IFERROR(IF('1. Raw Data'!I75="",AVERAGE(IF('1. Raw Data'!I3:I402<>"",'1. Raw Data'!I3:I402)),VALUE('1. Raw Data'!I75)),0) -> 0 | M75: =IFERROR(IF('1. Raw Data'!J75="",AVERAGE(IF('1. Raw Data'!J3:J402<>"",'1. Raw Data'!J3:J402)),VALUE('1. Raw Data'!J75)),0) -> 2.94 | N75: ='1. Raw Data'!K75 -> 6 | O75: =IFERROR(IF(M75=0,0,(L75*(M75/100/12))/(1-(1+M75/100/12)^(-N75))),0) -> 0 | P75: ='1. Raw Data'!L75 -> 34 | Q75: =TRIM('1. Raw Data'!M75) -> Premium
A76: ='1. Raw Data'!A76 -> TXN-100074 | B76: =IFERROR(DATEVALUE('1. Raw Data'!B76),"") -> 45325 | C76: =IFERROR(TEXT(B76,"mmm"),"") -> Feb | D76: =IFERROR("Q"&INT((MONTH(B76)-1)/3+1),"") -> Q1 | E76: =IFERROR(YEAR(B76),"") -> 2024 | F76: =PROPER(TRIM('1. Raw Data'!C76)) -> Downtown | G76: =TRIM('1. Raw Data'!D76) -> Mortgage | H76: =TRIM('1. Raw Data'!E76) -> Loans | I76: =TRIM('1. Raw Data'!F76) -> Sarah Chen | J76: =PROPER(TRIM('1. Raw Data'!G76)) -> Active | K76: =TRIM('1. Raw Data'!H76) -> Low | L76: =IFERROR(IF('1. Raw Data'!I76="",AVERAGE(IF('1. Raw Data'!I3:I402<>"",'1. Raw Data'!I3:I402)),VALUE('1. Raw Data'!I76)),0) -> 5239.23 | M76: =IFERROR(IF('1. Raw Data'!J76="",AVERAGE(IF('1. Raw Data'!J3:J402<>"",'1. Raw Data'!J3:J402)),VALUE('1. Raw Data'!J76)),0) -> 12.39 | N76: ='1. Raw Data'!K76 -> 48 | O76: =IFERROR(IF(M76=0,0,(L76*(M76/100/12))/(1-(1+M76/100/12)^(-N76))),0) -> 138.97439 | P76: ='1. Raw Data'!L76 -> 73 | Q76: =TRIM('1. Raw Data'!M76) -> Basic
A77: ='1. Raw Data'!A77 -> TXN-100075 | B77: =IFERROR(DATEVALUE('1. Raw Data'!B77),"") -> 45399 | C77: =IFERROR(TEXT(B77,"mmm"),"") -> Apr | D77: =IFERROR("Q"&INT((MONTH(B77)-1)/3+1),"") -> Q2 | E77: =IFERROR(YEAR(B77),"") -> 2024 | F77: =PROPER(TRIM('1. Raw Data'!C77)) -> Northpark | G77: =TRIM('1. Raw Data'!D77) -> Checking Account | H77: =TRIM('1. Raw Data'!E77) -> Deposits | I77: =TRIM('1. Raw Data'!F77) -> David Kim | J77: =PROPER(TRIM('1. Raw Data'!G77)) -> Active | K77: =TRIM('1. Raw Data'!H77) -> Medium | L77: =IFERROR(IF('1. Raw Data'!I77="",AVERAGE(IF('1. Raw Data'!I3:I402<>"",'1. Raw Data'!I3:I402)),VALUE('1. Raw Data'!I77)),0) -> 116048.27 | M77: =IFERROR(IF('1. Raw Data'!J77="",AVERAGE(IF('1. Raw Data'!J3:J402<>"",'1. Raw Data'!J3:J402)),VALUE('1. Raw Data'!J77)),0) -> 13.12 | N77: ='1. Raw Data'!K77 -> 60 | O77: =IFERROR(IF(M77=0,0,(L77*(M77/100/12))/(1-(1+M77/100/12)^(-N77))),0) -> 2647.589 | P77: ='1. Raw Data'!L77 -> 33 | Q77: =TRIM('1. Raw Data'!M77) -> Premium
A78: ='1. Raw Data'!A78 -> TXN-100076 | B78: =IFERROR(DATEVALUE('1. Raw Data'!B78),"") -> 45467 | C78: =IFERROR(TEXT(B78,"mmm"),"") -> Jun | D78: =IFERROR("Q"&INT((MONTH(B78)-1)/3+1),"") -> Q2 | E78: =IFERROR(YEAR(B78),"") -> 2024 | F78: =PROPER(TRIM('1. Raw Data'!C78)) -> Uptown | G78: =TRIM('1. Raw Data'!D78) -> Mortgage | H78: =TRIM('1. Raw Data'!E78) -> Loans | I78: =TRIM('1. Raw Data'!F78) -> Sarah Chen | J78: =PROPER(TRIM('1. Raw Data'!G78)) -> Active | K78: =TRIM('1. Raw Data'!H78) -> High | L78: =IFERROR(IF('1. Raw Data'!I78="",AVERAGE(IF('1. Raw Data'!I3:I402<>"",'1. Raw Data'!I3:I402)),VALUE('1. Raw Data'!I78)),0) -> 163134.16 | M78: =IFERROR(IF('1. Raw Data'!J78="",AVERAGE(IF('1. Raw Data'!J3:J402<>"",'1. Raw Data'!J3:J402)),VALUE('1. Raw Data'!J78)),0) -> 9.54 | N78: ='1. Raw Data'!K78 -> 12 | O78: =IFERROR(IF(M78=0,0,(L78*(M78/100/12))/(1-(1+M78/100/12)^(-N78))),0) -> 14307.207 | P78: ='1. Raw Data'!L78 -> 39 | Q78: =TRIM('1. Raw Data'!M78) -> Premium
A79: ='1. Raw Data'!A79 -> TXN-100077 | B79: =IFERROR(DATEVALUE('1. Raw Data'!B79),"") -> 45372 | C79: =IFERROR(TEXT(B79,"mmm"),"") -> Mar | D79: =IFERROR("Q"&INT((MONTH(B79)-1)/3+1),"") -> Q1 | E79: =IFERROR(YEAR(B79),"") -> 2024 | F79: =PROPER(TRIM('1. Raw Data'!C79)) -> Eastgate | G79: =TRIM('1. Raw Data'!D79) -> Savings Account | H79: =TRIM('1. Raw Data'!E79) -> Deposits | I79: =TRIM('1. Raw Data'!F79) -> James Patel | J79: =PROPER(TRIM('1. Raw Data'!G79)) -> Active | K79: =TRIM('1. Raw Data'!H79) -> Low | L79: =IFERROR(IF('1. Raw Data'!I79="",AVERAGE(IF('1. Raw Data'!I3:I402<>"",'1. Raw Data'!I3:I402)),VALUE('1. Raw Data'!I79)),0) -> 106818.83 | M79: =IFERROR(IF('1. Raw Data'!J79="",AVERAGE(IF('1. Raw Data'!J3:J402<>"",'1. Raw Data'!J3:J402)),VALUE('1. Raw Data'!J79)),0) -> 3.39 | N79: ='1. Raw Data'!K79 -> 48 | O79: =IFERROR(IF(M79=0,0,(L79*(M79/100/12))/(1-(1+M79/100/12)^(-N79))),0) -> 2382.8199 | P79: ='1. Raw Data'!L79 -> 27 | Q79: =TRIM('1. Raw Data'!M79) -> Premium
A80: ='1. Raw Data'!A80 -> TXN-100078 | B80: =IFERROR(DATEVALUE('1. Raw Data'!B80),"") -> 45436 | C80: =IFERROR(TEXT(B80,"mmm"),"") -> May | D80: =IFERROR("Q"&INT((MONTH(B80)-1)/3+1),"") -> Q2 | E80: =IFERROR(YEAR(B80),"") -> 2024 | F80: =PROPER(TRIM('1. Raw Data'!C80)) -> Downtown | G80: =TRIM('1. Raw Data'!D80) -> Fixed Deposit | H80: =TRIM('1. Raw Data'!E80) -> Deposits | I80: =TRIM('1. Raw Data'!F80) -> Rachel Moore | J80: =PROPER(TRIM('1. Raw Data'!G80)) -> Active | K80: =TRIM('1. Raw Data'!H80) -> High | L80: =IFERROR(IF('1. Raw Data'!I80="",AVERAGE(IF('1. Raw Data'!I3:I402<>"",'1. Raw Data'!I3:I402)),VALUE('1. Raw Data'!I80)),0) -> 144551.81 | M80: =IFERROR(IF('1. Raw Data'!J80="",AVERAGE(IF('1. Raw Data'!J3:J402<>"",'1. Raw Data'!J3:J402)),VALUE('1. Raw Data'!J80)),0) -> 5.42 | N80: ='1. Raw Data'!K80 -> 180 | O80: =IFERROR(IF(M80=0,0,(L80*(M80/100/12))/(1-(1+M80/100/12)^(-N80))),0) -> 1174.9813 | P80: ='1. Raw Data'!L80 -> 30 | Q80: =TRIM('1. Raw Data'!M80) -> Premium
A81: ='1. Raw Data'!A81 -> TXN-100079 | B81: =IFERROR(DATEVALUE('1. Raw Data'!B81),"") -> 45354 | C81: =IFERROR(TEXT(B81,"mmm"),"") -> Mar | D81: =IFERROR("Q"&INT((MONTH(B81)-1)/3+1),"") -> Q1 | E81: =IFERROR(YEAR(B81),"") -> 2024 | F81: =PROPER(TRIM('1. Raw Data'!C81)) -> Eastgate | G81: =TRIM('1. Raw Data'!D81) -> Mortgage | H81: =TRIM('1. Raw Data'!E81) -> Loans | I81: =TRIM('1. Raw Data'!F81) -> Rachel Moore | J81: =PROPER(TRIM('1. Raw Data'!G81)) -> Active | K81: =TRIM('1. Raw Data'!H81) -> Low | L81: =IFERROR(IF('1. Raw Data'!I81="",AVERAGE(IF('1. Raw Data'!I3:I402<>"",'1. Raw Data'!I3:I402)),VALUE('1. Raw Data'!I81)),0) -> 217149.14 | M81: =IFERROR(IF('1. Raw Data'!J81="",AVERAGE(IF('1. Raw Data'!J3:J402<>"",'1. Raw Data'!J3:J402)),VALUE('1. Raw Data'!J81)),0) -> 9.89 | N81: ='1. Raw Data'!K81 -> 24 | O81: =IFERROR(IF(M81=0,0,(L81*(M81/100/12))/(1-(1+M81/100/12)^(-N81))),0) -> 10009.31 | P81: ='1. Raw Data'!L81 -> 60 | Q81: =TRIM('1. Raw Data'!M81) -> Premium
A82: ='1. Raw Data'!A82 -> TXN-100080 | B82: =IFERROR(DATEVALUE('1. Raw Data'!B82),"") -> 45608 | C82: =IFERROR(TEXT(B82,"mmm"),"") -> Nov | D82: =IFERROR("Q"&INT((MONTH(B82)-1)/3+1),"") -> Q4 | E82: =IFERROR(YEAR(B82),"") -> 2024 | F82: =PROPER(TRIM('1. Raw Data'!C82)) -> Westside | G82: =TRIM('1. Raw Data'!D82) -> Checking Account | H82: =TRIM('1. Raw Data'!E82) -> Deposits | I82: =TRIM('1. Raw Data'!F82) -> Maria Lopez | J82: =PROPER(TRIM('1. Raw Data'!G82)) -> Active | K82: =TRIM('1. Raw Data'!H82) -> Low | L82: =IFERROR(IF('1. Raw Data'!I82="",AVERAGE(IF('1. Raw Data'!I3:I402<>"",'1. Raw Data'!I3:I402)),VALUE('1. Raw Data'!I82)),0) -> 219618.41 | M82: =IFERROR(IF('1. Raw Data'!J82="",AVERAGE(IF('1. Raw Data'!J3:J402<>"",'1. Raw Data'!J3:J402)),VALUE('1. Raw Data'!J82)),0) -> 9.38 | N82: ='1. Raw Data'!K82 -> 12 | O82: =IFERROR(IF(M82=0,0,(L82*(M82/100/12))/(1-(1+M82/100/12)^(-N82))),0) -> 19244.676 | P82: ='1. Raw Data'!L82 -> 60 | Q82: =TRIM('1. Raw Data'!M82) -> Premium
A83: ='1. Raw Data'!A83 -> TXN-100081 | B83: =IFERROR(DATEVALUE('1. Raw Data'!B83),"") -> 45362 | C83: =IFERROR(TEXT(B83,"mmm"),"") -> Mar | D83: =IFERROR("Q"&INT((MONTH(B83)-1)/3+1),"") -> Q1 | E83: =IFERROR(YEAR(B83),"") -> 2024 | F83: =PROPER(TRIM('1. Raw Data'!C83)) -> Uptown | G83: =TRIM('1. Raw Data'!D83) -> Fixed Deposit | H83: =TRIM('1. Raw Data'!E83) -> Deposits | I83: =TRIM('1. Raw Data'!F83) -> Maria Lopez | J83: =PROPER(TRIM('1. Raw Data'!G83)) -> Active | K83: =TRIM('1. Raw Data'!H83) -> Medium | L83: =IFERROR(IF('1. Raw Data'!I83="",AVERAGE(IF('1. Raw Data'!I3:I402<>"",'1. Raw Data'!I3:I402)),VALUE('1. Raw Data'!I83)),0) -> 93455.9 | M83: =IFERROR(IF('1. Raw Data'!J83="",AVERAGE(IF('1. Raw Data'!J3:J402<>"",'1. Raw Data'!J3:J402)),VALUE('1. Raw Data'!J83)),0) -> 5.29 | N83: ='1. Raw Data'!K83 -> 48 | O83: =IFERROR(IF(M83=0,0,(L83*(M83/100/12))/(1-(1+M83/100/12)^(-N83))),0) -> 2164.522 | P83: ='1. Raw Data'!L83 -> 39 | Q83: =TRIM('1. Raw Data'!M83) -> Standard
A84: ='1. Raw Data'!A84 -> TXN-100082 | B84: =IFERROR(DATEVALUE('1. Raw Data'!B84),"") -> 45532 | C84: =IFERROR(TEXT(B84,"mmm"),"") -> Aug | D84: =IFERROR("Q"&INT((MONTH(B84)-1)/3+1),"") -> Q3 | E84: =IFERROR(YEAR(B84),"") -> 2024 | F84: =PROPER(TRIM('1. Raw Data'!C84)) -> Northpark | G84: =TRIM('1. Raw Data'!D84) -> Personal Loan | H84: =TRIM('1. Raw Data'!E84) -> Loans | I84: =TRIM('1. Raw Data'!F84) -> David Kim | J84: =PROPER(TRIM('1. Raw Data'!G84)) -> Active | K84: =TRIM('1. Raw Data'!H84) -> Medium | L84: =IFERROR(IF('1. Raw Data'!I84="",AVERAGE(IF('1. Raw Data'!I3:I402<>"",'1. Raw Data'!I3:I402)),VALUE('1. Raw Data'!I84)),0) -> 224998.07 | M84: =IFERROR(IF('1. Raw Data'!J84="",AVERAGE(IF('1. Raw Data'!J3:J402<>"",'1. Raw Data'!J3:J402)),VALUE('1. Raw Data'!J84)),0) -> 4.97 | N84: ='1. Raw Data'!K84 -> 360 | O84: =IFERROR(IF(M84=0,0,(L84*(M84/100/12))/(1-(1+M84/100/12)^(-N84))),0) -> 1203.7164 | P84: ='1. Raw Data'!L84 -> 41 | Q84: =TRIM('1. Raw Data'!M84) -> Premium
A85: ='1. Raw Data'!A85 -> TXN-100083 | B85: =IFERROR(DATEVALUE('1. Raw Data'!B85),"") -> 45430 | C85: =IFERROR(TEXT(B85,"mmm"),"") -> May | D85: =IFERROR("Q"&INT((MONTH(B85)-1)/3+1),"") -> Q2 | E85: =IFERROR(YEAR(B85),"") -> 2024 | F85: =PROPER(TRIM('1. Raw Data'!C85)) -> Downtown | G85: =TRIM('1. Raw Data'!D85) -> Business Loan | H85: =TRIM('1. Raw Data'!E85) -> Loans | I85: =TRIM('1. Raw Data'!F85) -> James Patel | J85: =PROPER(TRIM('1. Raw Data'!G85)) -> Active | K85: =TRIM('1. Raw Data'!H85) -> High | L85: =IFERROR(IF('1. Raw Data'!I85="",AVERAGE(IF('1. Raw Data'!I3:I402<>"",'1. Raw Data'!I3:I402)),VALUE('1. Raw Data'!I85)),0) -> 22988.44 | M85: =IFERROR(IF('1. Raw Data'!J85="",AVERAGE(IF('1. Raw Data'!J3:J402<>"",'1. Raw Data'!J3:J402)),VALUE('1. Raw Data'!J85)),0) -> 6.97 | N85: ='1. Raw Data'!K85 -> 240 | O85: =IFERROR(IF(M85=0,0,(L85*(M85/100/12))/(1-(1+M85/100/12)^(-N85))),0) -> 177.8154 | P85: ='1. Raw Data'!L85 -> 58 | Q85: =TRIM('1. Raw Data'!M85) -> Basic
A86: ='1. Raw Data'!A86 -> TXN-100084 | B86: =IFERROR(DATEVALUE('1. Raw Data'!B86),"") -> 45483 | C86: =IFERROR(TEXT(B86,"mmm"),"") -> Jul | D86: =IFERROR("Q"&INT((MONTH(B86)-1)/3+1),"") -> Q3 | E86: =IFERROR(YEAR(B86),"") -> 2024 | F86: =PROPER(TRIM('1. Raw Data'!C86)) -> Northpark | G86: =TRIM('1. Raw Data'!D86) -> Savings Account | H86: =TRIM('1. Raw Data'!E86) -> Deposits | I86: =TRIM('1. Raw Data'!F86) -> David Kim | J86: =PROPER(TRIM('1. Raw Data'!G86)) -> Active | K86: =TRIM('1. Raw Data'!H86) -> High | L86: =IFERROR(IF('1. Raw Data'!I86="",AVERAGE(IF('1. Raw Data'!I3:I402<>"",'1. Raw Data'!I3:I402)),VALUE('1. Raw Data'!I86)),0) -> 166395.66 | M86: =IFERROR(IF('1. Raw Data'!J86="",AVERAGE(IF('1. Raw Data'!J3:J402<>"",'1. Raw Data'!J3:J402)),VALUE('1. Raw Data'!J86)),0) -> 0 | N86: ='1. Raw Data'!K86 -> 120 | O86: =IFERROR(IF(M86=0,0,(L86*(M86/100/12))/(1-(1+M86/100/12)^(-N86))),0) -> 0 | P86: ='1. Raw Data'!L86 -> 71 | Q86: =TRIM('1. Raw Data'!M86) -> Premium
A87: ='1. Raw Data'!A87 -> TXN-100085 | B87: =IFERROR(DATEVALUE('1. Raw Data'!B87),"") -> 45577 | C87: =IFERROR(TEXT(B87,"mmm"),"") -> Oct | D87: =IFERROR("Q"&INT((MONTH(B87)-1)/3+1),"") -> Q4 | E87: =IFERROR(YEAR(B87),"") -> 2024 | F87: =PROPER(TRIM('1. Raw Data'!C87)) -> Downtown | G87: =TRIM('1. Raw Data'!D87) -> Fixed Deposit | H87: =TRIM('1. Raw Data'!E87) -> Deposits | I87: =TRIM('1. Raw Data'!F87) -> Rachel Moore | J87: =PROPER(TRIM('1. Raw Data'!G87)) -> Pending | K87: =TRIM('1. Raw Data'!H87) -> High | L87: =IFERROR(IF('1. Raw Data'!I87="",AVERAGE(IF('1. Raw Data'!I3:I402<>"",'1. Raw Data'!I3:I402)),VALUE('1. Raw Data'!I87)),0) -> 61441.4 | M87: =IFERROR(IF('1. Raw Data'!J87="",AVERAGE(IF('1. Raw Data'!J3:J402<>"",'1. Raw Data'!J3:J402)),VALUE('1. Raw Data'!J87)),0) -> 6.22 | N87: ='1. Raw Data'!K87 -> 6 | O87: =IFERROR(IF(M87=0,0,(L87*(M87/100/12))/(1-(1+M87/100/12)^(-N87))),0) -> 10426.809 | P87: ='1. Raw Data'!L87 -> 63 | Q87: =TRIM('1. Raw Data'!M87) -> Standard
A88: ='1. Raw Data'!A88 -> TXN-100086 | B88: =IFERROR(DATEVALUE('1. Raw Data'!B88),"") -> 45301 | C88: =IFERROR(TEXT(B88,"mmm"),"") -> Jan | D88: =IFERROR("Q"&INT((MONTH(B88)-1)/3+1),"") -> Q1 | E88: =IFERROR(YEAR(B88),"") -> 2024 | F88: =PROPER(TRIM('1. Raw Data'!C88)) -> Northpark | G88: =TRIM('1. Raw Data'!D88) -> Mortgage | H88: =TRIM('1. Raw Data'!E88) -> Loans | I88: =TRIM('1. Raw Data'!F88) -> James Patel | J88: =PROPER(TRIM('1. Raw Data'!G88)) -> Active | K88: =TRIM('1. Raw Data'!H88) -> Medium | L88: =IFERROR(IF('1. Raw Data'!I88="",AVERAGE(IF('1. Raw Data'!I3:I402<>"",'1. Raw Data'!I3:I402)),VALUE('1. Raw Data'!I88)),0) -> 55000.03 | M88: =IFERROR(IF('1. Raw Data'!J88="",AVERAGE(IF('1. Raw Data'!J3:J402<>"",'1. Raw Data'!J3:J402)),VALUE('1. Raw Data'!J88)),0) -> 11.92 | N88: ='1. Raw Data'!K88 -> 180 | O88: =IFERROR(IF(M88=0,0,(L88*(M88/100/12))/(1-(1+M88/100/12)^(-N88))),0) -> 657.26468 | P88: ='1. Raw Data'!L88 -> 75 | Q88: =TRIM('1. Raw Data'!M88) -> Standard
A89: ='1. Raw Data'!A89 -> TXN-100087 | B89: =IFERROR(DATEVALUE('1. Raw Data'!B89),"") -> 45496 | C89: =IFERROR(TEXT(B89,"mmm"),"") -> Jul | D89: =IFERROR("Q"&INT((MONTH(B89)-1)/3+1),"") -> Q3 | E89: =IFERROR(YEAR(B89),"") -> 2024 | F89: =PROPER(TRIM('1. Raw Data'!C89)) -> Downtown | G89: =TRIM('1. Raw Data'!D89) -> Savings Account | H89: =TRIM('1. Raw Data'!E89) -> Deposits | I89: =TRIM('1. Raw Data'!F89) -> David Kim | J89: =PROPER(TRIM('1. Raw Data'!G89)) -> Active | K89: =TRIM('1. Raw Data'!H89) -> High | L89: =IFERROR(IF('1. Raw Data'!I89="",AVERAGE(IF('1. Raw Data'!I3:I402<>"",'1. Raw Data'!I3:I402)),VALUE('1. Raw Data'!I89)),0) -> 156075.28 | M89: =IFERROR(IF('1. Raw Data'!J89="",AVERAGE(IF('1. Raw Data'!J3:J402<>"",'1. Raw Data'!J3:J402)),VALUE('1. Raw Data'!J89)),0) -> 4.91 | N89: ='1. Raw Data'!K89 -> 120 | O89: =IFERROR(IF(M89=0,0,(L89*(M89/100/12))/(1-(1+M89/100/12)^(-N89))),0) -> 1648.563 | P89: ='1. Raw Data'!L89 -> 41 | Q89: =TRIM('1. Raw Data'!M89) -> Premium
A90: ='1. Raw Data'!A90 -> TXN-100088 | B90: =IFERROR(DATEVALUE('1. Raw Data'!B90),"") -> 45325 | C90: =IFERROR(TEXT(B90,"mmm"),"") -> Feb | D90: =IFERROR("Q"&INT((MONTH(B90)-1)/3+1),"") -> Q1 | E90: =IFERROR(YEAR(B90),"") -> 2024 | F90: =PROPER(TRIM('1. Raw Data'!C90)) -> Eastgate | G90: =TRIM('1. Raw Data'!D90) -> Personal Loan | H90: =TRIM('1. Raw Data'!E90) -> Loans | I90: =TRIM('1. Raw Data'!F90) -> James Patel | J90: =PROPER(TRIM('1. Raw Data'!G90)) -> Pending | K90: =TRIM('1. Raw Data'!H90) -> High | L90: =IFERROR(IF('1. Raw Data'!I90="",AVERAGE(IF('1. Raw Data'!I3:I402<>"",'1. Raw Data'!I3:I402)),VALUE('1. Raw Data'!I90)),0) -> 100150.09 | M90: =IFERROR(IF('1. Raw Data'!J90="",AVERAGE(IF('1. Raw Data'!J3:J402<>"",'1. Raw Data'!J3:J402)),VALUE('1. Raw Data'!J90)),0) -> 8.39 | N90: ='1. Raw Data'!K90 -> 180 | O90: =IFERROR(IF(M90=0,0,(L90*(M90/100/12))/(1-(1+M90/100/12)^(-N90))),0) -> 979.77064 | P90: ='1. Raw Data'!L90 -> 34 | Q90: =TRIM('1. Raw Data'!M90) -> Premium
A91: ='1. Raw Data'!A91 -> TXN-100089 | B91: =IFERROR(DATEVALUE('1. Raw Data'!B91),"") -> 45634 | C91: =IFERROR(TEXT(B91,"mmm"),"") -> Dec | D91: =IFERROR("Q"&INT((MONTH(B91)-1)/3+1),"") -> Q4 | E91: =IFERROR(YEAR(B91),"") -> 2024 | F91: =PROPER(TRIM('1. Raw Data'!C91)) -> Northpark | G91: =TRIM('1. Raw Data'!D91) -> Auto Loan | H91: =TRIM('1. Raw Data'!E91) -> Loans | I91: =TRIM('1. Raw Data'!F91) -> James Patel | J91: =PROPER(TRIM('1. Raw Data'!G91)) -> Active | K91: =TRIM('1. Raw Data'!H91) -> Low | L91: =IFERROR(IF('1. Raw Data'!I91="",AVERAGE(IF('1. Raw Data'!I3:I402<>"",'1. Raw Data'!I3:I402)),VALUE('1. Raw Data'!I91)),0) -> 35864.82 | M91: =IFERROR(IF('1. Raw Data'!J91="",AVERAGE(IF('1. Raw Data'!J3:J402<>"",'1. Raw Data'!J3:J402)),VALUE('1. Raw Data'!J91)),0) -> 7.84 | N91: ='1. Raw Data'!K91 -> 48 | O91: =IFERROR(IF(M91=0,0,(L91*(M91/100/12))/(1-(1+M91/100/12)^(-N91))),0) -> 872.87396 | P91: ='1. Raw Data'!L91 -> 45 | Q91: =TRIM('1. Raw Data'!M91) -> Standard
A92: ='1. Raw Data'!A92 -> TXN-100090 | B92: =IFERROR(DATEVALUE('1. Raw Data'!B92),"") -> 45537 | C92: =IFERROR(TEXT(B92,"mmm"),"") -> Sep | D92: =IFERROR("Q"&INT((MONTH(B92)-1)/3+1),"") -> Q3 | E92: =IFERROR(YEAR(B92),"") -> 2024 | F92: =PROPER(TRIM('1. Raw Data'!C92)) -> Eastgate | G92: =TRIM('1. Raw Data'!D92) -> Checking Account | H92: =TRIM('1. Raw Data'!E92) -> Deposits | I92: =TRIM('1. Raw Data'!F92) -> David Kim | J92: =PROPER(TRIM('1. Raw Data'!G92)) -> Inactive | K92: =TRIM('1. Raw Data'!H92) -> Medium | L92: =IFERROR(IF('1. Raw Data'!I92="",AVERAGE(IF('1. Raw Data'!I3:I402<>"",'1. Raw Data'!I3:I402)),VALUE('1. Raw Data'!I92)),0) -> 0 | M92: =IFERROR(IF('1. Raw Data'!J92="",AVERAGE(IF('1. Raw Data'!J3:J402<>"",'1. Raw Data'!J3:J402)),VALUE('1. Raw Data'!J92)),0) -> 13.26 | N92: ='1. Raw Data'!K92 -> 180 | O92: =IFERROR(IF(M92=0,0,(L92*(M92/100/12))/(1-(1+M92/100/12)^(-N92))),0) -> 0 | P92: ='1. Raw Data'!L92 -> 59 | Q92: =TRIM('1. Raw Data'!M92) -> Premium
A93: ='1. Raw Data'!A93 -> TXN-100091 | B93: =IFERROR(DATEVALUE('1. Raw Data'!B93),"") -> 45456 | C93: =IFERROR(TEXT(B93,"mmm"),"") -> Jun | D93: =IFERROR("Q"&INT((MONTH(B93)-1)/3+1),"") -> Q2 | E93: =IFERROR(YEAR(B93),"") -> 2024 | F93: =PROPER(TRIM('1. Raw Data'!C93)) -> Uptown | G93: =TRIM('1. Raw Data'!D93) -> Business Loan | H93: =TRIM('1. Raw Data'!E93) -> Loans | I93: =TRIM('1. Raw Data'!F93) -> James Patel | J93: =PROPER(TRIM('1. Raw Data'!G93)) -> Active | K93: =TRIM('1. Raw Data'!H93) -> Low | L93: =IFERROR(IF('1. Raw Data'!I93="",AVERAGE(IF('1. Raw Data'!I3:I402<>"",'1. Raw Data'!I3:I402)),VALUE('1. Raw Data'!I93)),0) -> 162722.74 | M93: =IFERROR(IF('1. Raw Data'!J93="",AVERAGE(IF('1. Raw Data'!J3:J402<>"",'1. Raw Data'!J3:J402)),VALUE('1. Raw Data'!J93)),0) -> 12.93 | N93: ='1. Raw Data'!K93 -> 60 | O93: =IFERROR(IF(M93=0,0,(L93*(M93/100/12))/(1-(1+M93/100/12)^(-N93))),0) -> 3696.614 | P93: ='1. Raw Data'!L93 -> 66 | Q93: =TRIM('1. Raw Data'!M93) -> Premium
A94: ='1. Raw Data'!A94 -> TXN-100092 | B94: =IFERROR(DATEVALUE('1. Raw Data'!B94),"") -> 45302 | C94: =IFERROR(TEXT(B94,"mmm"),"") -> Jan | D94: =IFERROR("Q"&INT((MONTH(B94)-1)/3+1),"") -> Q1 | E94: =IFERROR(YEAR(B94),"") -> 2024 | F94: =PROPER(TRIM('1. Raw Data'!C94)) -> Uptown | G94: =TRIM('1. Raw Data'!D94) -> Business Loan | H94: =TRIM('1. Raw Data'!E94) -> Loans | I94: =TRIM('1. Raw Data'!F94) -> Rachel Moore | J94: =PROPER(TRIM('1. Raw Data'!G94)) -> Active | K94: =TRIM('1. Raw Data'!H94) -> Low | L94: =IFERROR(IF('1. Raw Data'!I94="",AVERAGE(IF('1. Raw Data'!I3:I402<>"",'1. Raw Data'!I3:I402)),VALUE('1. Raw Data'!I94)),0) -> 134405.33 | M94: =IFERROR(IF('1. Raw Data'!J94="",AVERAGE(IF('1. Raw Data'!J3:J402<>"",'1. Raw Data'!J3:J402)),VALUE('1. Raw Data'!J94)),0) -> 4.74 | N94: ='1. Raw Data'!K94 -> 60 | O94: =IFERROR(IF(M94=0,0,(L94*(M94/100/12))/(1-(1+M94/100/12)^(-N94))),0) -> 2520.4155 | P94: ='1. Raw Data'!L94 -> 29 | Q94: =TRIM('1. Raw Data'!M94) -> Premium
A95: ='1. Raw Data'!A95 -> TXN-100093 | B95: =IFERROR(DATEVALUE('1. Raw Data'!B95),"") -> 45537 | C95: =IFERROR(TEXT(B95,"mmm"),"") -> Sep | D95: =IFERROR("Q"&INT((MONTH(B95)-1)/3+1),"") -> Q3 | E95: =IFERROR(YEAR(B95),"") -> 2024 | F95: =PROPER(TRIM('1. Raw Data'!C95)) -> Uptown | G95: =TRIM('1. Raw Data'!D95) -> Checking Account | H95: =TRIM('1. Raw Data'!E95) -> Deposits | I95: =TRIM('1. Raw Data'!F95) -> Sarah Chen | J95: =PROPER(TRIM('1. Raw Data'!G95)) -> Pending | K95: =TRIM('1. Raw Data'!H95) -> High | L95: =IFERROR(IF('1. Raw Data'!I95="",AVERAGE(IF('1. Raw Data'!I3:I402<>"",'1. Raw Data'!I3:I402)),VALUE('1. Raw Data'!I95)),0) -> 130973.62 | M95: =IFERROR(IF('1. Raw Data'!J95="",AVERAGE(IF('1. Raw Data'!J3:J402<>"",'1. Raw Data'!J3:J402)),VALUE('1. Raw Data'!J95)),0) -> 12.93 | N95: ='1. Raw Data'!K95 -> 60 | O95: =IFERROR(IF(M95=0,0,(L95*(M95/100/12))/(1-(1+M95/100/12)^(-N95))),0) -> 2975.3612 | P95: ='1. Raw Data'!L95 -> 54 | Q95: =TRIM('1. Raw Data'!M95) -> Premium
A96: ='1. Raw Data'!A96 -> TXN-100094 | B96: =IFERROR(DATEVALUE('1. Raw Data'!B96),"") -> 45609 | C96: =IFERROR(TEXT(B96,"mmm"),"") -> Nov | D96: =IFERROR("Q"&INT((MONTH(B96)-1)/3+1),"") -> Q4 | E96: =IFERROR(YEAR(B96),"") -> 2024 | F96: =PROPER(TRIM('1. Raw Data'!C96)) -> Eastgate | G96: =TRIM('1. Raw Data'!D96) -> Personal Loan | H96: =TRIM('1. Raw Data'!E96) -> Loans | I96: =TRIM('1. Raw Data'!F96) -> James Patel | J96: =PROPER(TRIM('1. Raw Data'!G96)) -> Pending | K96: =TRIM('1. Raw Data'!H96) -> Medium | L96: =IFERROR(IF('1. Raw Data'!I96="",AVERAGE(IF('1. Raw Data'!I3:I402<>"",'1. Raw Data'!I3:I402)),VALUE('1. Raw Data'!I96)),0) -> 82473.69 | M96: =IFERROR(IF('1. Raw Data'!J96="",AVERAGE(IF('1. Raw Data'!J3:J402<>"",'1. Raw Data'!J3:J402)),VALUE('1. Raw Data'!J96)),0) -> 4.72 | N96: ='1. Raw Data'!K96 -> 48 | O96: =IFERROR(IF(M96=0,0,(L96*(M96/100/12))/(1-(1+M96/100/12)^(-N96))),0) -> 1888.8679 | P96: ='1. Raw Data'!L96 -> 58 | Q96: =TRIM('1. Raw Data'!M96) -> Standard
A97: ='1. Raw Data'!A97 -> TXN-100095 | B97: =IFERROR(DATEVALUE('1. Raw Data'!B97),"") -> 45388 | C97: =IFERROR(TEXT(B97,"mmm"),"") -> Apr | D97: =IFERROR("Q"&INT((MONTH(B97)-1)/3+1),"") -> Q2 | E97: =IFERROR(YEAR(B97),"") -> 2024 | F97: =PROPER(TRIM('1. Raw Data'!C97)) -> Northpark | G97: =TRIM('1. Raw Data'!D97) -> Savings Account | H97: =TRIM('1. Raw Data'!E97) -> Deposits | I97: =TRIM('1. Raw Data'!F97) -> David Kim | J97: =PROPER(TRIM('1. Raw Data'!G97)) -> Active | K97: =TRIM('1. Raw Data'!H97) -> Low | L97: =IFERROR(IF('1. Raw Data'!I97="",AVERAGE(IF('1. Raw Data'!I3:I402<>"",'1. Raw Data'!I3:I402)),VALUE('1. Raw Data'!I97)),0) -> 179034.87 | M97: =IFERROR(IF('1. Raw Data'!J97="",AVERAGE(IF('1. Raw Data'!J3:J402<>"",'1. Raw Data'!J3:J402)),VALUE('1. Raw Data'!J97)),0) -> 7.96 | N97: ='1. Raw Data'!K97 -> 12 | O97: =IFERROR(IF(M97=0,0,(L97*(M97/100/12))/(1-(1+M97/100/12)^(-N97))),0) -> 15570.651 | P97: ='1. Raw Data'!L97 -> 52 | Q97: =TRIM('1. Raw Data'!M97) -> Premium
A98: ='1. Raw Data'!A98 -> TXN-100096 | B98: =IFERROR(DATEVALUE('1. Raw Data'!B98),"") -> 45364 | C98: =IFERROR(TEXT(B98,"mmm"),"") -> Mar | D98: =IFERROR("Q"&INT((MONTH(B98)-1)/3+1),"") -> Q1 | E98: =IFERROR(YEAR(B98),"") -> 2024 | F98: =PROPER(TRIM('1. Raw Data'!C98)) -> Northpark | G98: =TRIM('1. Raw Data'!D98) -> Personal Loan | H98: =TRIM('1. Raw Data'!E98) -> Loans | I98: =TRIM('1. Raw Data'!F98) -> Sarah Chen | J98: =PROPER(TRIM('1. Raw Data'!G98)) -> Pending | K98: =TRIM('1. Raw Data'!H98) -> High | L98: =IFERROR(IF('1. Raw Data'!I98="",AVERAGE(IF('1. Raw Data'!I3:I402<>"",'1. Raw Data'!I3:I402)),VALUE('1. Raw Data'!I98)),0) -> 57669.37 | M98: =IFERROR(IF('1. Raw Data'!J98="",AVERAGE(IF('1. Raw Data'!J3:J402<>"",'1. Raw Data'!J3:J402)),VALUE('1. Raw Data'!J98)),0) -> 5.1 | N98: ='1. Raw Data'!K98 -> 24 | O98: =IFERROR(IF(M98=0,0,(L98*(M98/100/12))/(1-(1+M98/100/12)^(-N98))),0) -> 2532.6189 | P98: ='1. Raw Data'!L98 -> 62 | Q98: =TRIM('1. Raw Data'!M98) -> Standard
A99: ='1. Raw Data'!A99 -> TXN-100097 | B99: =IFERROR(DATEVALUE('1. Raw Data'!B99),"") -> 45339 | C99: =IFERROR(TEXT(B99,"mmm"),"") -> Feb | D99: =IFERROR("Q"&INT((MONTH(B99)-1)/3+1),"") -> Q1 | E99: =IFERROR(YEAR(B99),"") -> 2024 | F99: =PROPER(TRIM('1. Raw Data'!C99)) -> Eastgate | G99: =TRIM('1. Raw Data'!D99) -> Fixed Deposit | H99: =TRIM('1. Raw Data'!E99) -> Deposits | I99: =TRIM('1. Raw Data'!F99) -> Rachel Moore | J99: =PROPER(TRIM('1. Raw Data'!G99)) -> Pending | K99: =TRIM('1. Raw Data'!H99) -> Medium | L99: =IFERROR(IF('1. Raw Data'!I99="",AVERAGE(IF('1. Raw Data'!I3:I402<>"",'1. Raw Data'!I3:I402)),VALUE('1. Raw Data'!I99)),0) -> 125159.63 | M99: =IFERROR(IF('1. Raw Data'!J99="",AVERAGE(IF('1. Raw Data'!J3:J402<>"",'1. Raw Data'!J3:J402)),VALUE('1. Raw Data'!J99)),0) -> 0 | N99: ='1. Raw Data'!K99 -> 6 | O99: =IFERROR(IF(M99=0,0,(L99*(M99/100/12))/(1-(1+M99/100/12)^(-N99))),0) -> 0 | P99: ='1. Raw Data'!L99 -> 65 | Q99: =TRIM('1. Raw Data'!M99) -> Premium
A100: ='1. Raw Data'!A100 -> TXN-100098 | B100: =IFERROR(DATEVALUE('1. Raw Data'!B100),"") -> 45549 | C100: =IFERROR(TEXT(B100,"mmm"),"") -> Sep | D100: =IFERROR("Q"&INT((MONTH(B100)-1)/3+1),"") -> Q3 | E100: =IFERROR(YEAR(B100),"") -> 2024 | F100: =PROPER(TRIM('1. Raw Data'!C100)) -> Uptown | G100: =TRIM('1. Raw Data'!D100) -> Business Loan | H100: =TRIM('1. Raw Data'!E100) -> Loans | I100: =TRIM('1. Raw Data'!F100) -> Rachel Moore | J100: =PROPER(TRIM('1. Raw Data'!G100)) -> Active | K100: =TRIM('1. Raw Data'!H100) -> Medium | L100: =IFERROR(IF('1. Raw Data'!I100="",AVERAGE(IF('1. Raw Data'!I3:I402<>"",'1. Raw Data'!I3:I402)),VALUE('1. Raw Data'!I100)),0) -> 195749.99 | M100: =IFERROR(IF('1. Raw Data'!J100="",AVERAGE(IF('1. Raw Data'!J3:J402<>"",'1. Raw Data'!J3:J402)),VALUE('1. Raw Data'!J100)),0) -> 12.76 | N100: ='1. Raw Data'!K100 -> 120 | O100: =IFERROR(IF(M100=0,0,(L100*(M100/100/12))/(1-(1+M100/100/12)^(-N100))),0) -> 2895.1131 | P100: ='1. Raw Data'!L100 -> 68 | Q100: =TRIM('1. Raw Data'!M100) -> Premium
...

Sheet 3. Analysis
A1: FINANCIAL ANALYSIS — Key Metrics & Breakdowns
A3: 📌 KEY PERFORMANCE INDICATORS
B4: Total Portfolio Value | F4: Total Transactions | K4: Average Loan Amount | O4: Average Interest Rate
B5: =SUMIF('2. Clean Data'!J3:J402,"Active",'2. Clean Data'!L3:L402) -> 35627697 | F5: =COUNTA('2. Clean Data'!A3:A402) -> 400 | K5: =AVERAGEIF('2. Clean Data'!H3:H402,"Loans",'2. Clean Data'!L3:L402) -> 114962.51 | O5: =AVERAGE('2. Clean Data'!M3:M402) -> 8.069775
B8: 📊 A. Portfolio Volume by Branch | K8: 📊 B. Portfolio by Product Category
B9: Branch | C9: Total Amount ($) | D9: # Transactions | E9: Avg Amount ($) | F9: Share (%) | K9: Category | L9: Total Amount ($) | M9: # Deals | N9: Avg Rate (%) | O9: Avg Term (mo) | P9: Share (%)
B10: Downtown | C10: =SUMIF('2. Clean Data'!F3:F402,B10,'2. Clean Data'!L3:L402) -> 9100452.3 | D10: =COUNTIF('2. Clean Data'!F3:F402,B10) -> 82 | E10: =IFERROR(C10/D10,0) -> 110981.13 | F10: =IFERROR(C10/SUM(C10:C14),0) -> 0.18812005 | K10: Deposits | L10: =SUMIF('2. Clean Data'!H3:H402,K10,'2. Clean Data'!L3:L402) -> 18786959 | M10: =COUNTIF('2. Clean Data'!H3:H402,K10) -> 145 | N10: =IFERROR(AVERAGEIF('2. Clean Data'!H3:H402,K10,'2. Clean Data'!M3:M402),0) -> 8.0493103 | O10: =IFERROR(AVERAGEIF('2. Clean Data'!H3:H402,K10,'2. Clean Data'!N3:N402),0) -> 104.97931 | P10: =IFERROR(L10/SUM(L10:L12),0) -> 0.38835472
B11: Uptown | C11: =SUMIF('2. Clean Data'!F3:F402,B11,'2. Clean Data'!L3:L402) -> 8389873.6 | D11: =COUNTIF('2. Clean Data'!F3:F402,B11) -> 69 | E11: =IFERROR(C11/D11,0) -> 121592.37 | F11: =IFERROR(C11/SUM(C10:C14),0) -> 0.17343132 | K11: Loans | L11: =SUMIF('2. Clean Data'!H3:H402,K11,'2. Clean Data'!L3:L402) -> 22992503 | M11: =COUNTIF('2. Clean Data'!H3:H402,K11) -> 200 | N11: =IFERROR(AVERAGEIF('2. Clean Data'!H3:H402,K11,'2. Clean Data'!M3:M402),0) -> 8.1814 | O11: =IFERROR(AVERAGEIF('2. Clean Data'!H3:H402,K11,'2. Clean Data'!N3:N402),0) -> 112.23 | P11: =IFERROR(L11/SUM(L10:L12),0) -> 0.47528965
B12: Westside | C12: =SUMIF('2. Clean Data'!F3:F402,B12,'2. Clean Data'!L3:L402) -> 9999752.6 | D12: =COUNTIF('2. Clean Data'!F3:F402,B12) -> 83 | E12: =IFERROR(C12/D12,0) -> 120478.95 | F12: =IFERROR(C12/SUM(C10:C14),0) -> 0.20670994 | K12: Cards | L12: =SUMIF('2. Clean Data'!H3:H402,K12,'2. Clean Data'!L3:L402) -> 6596308.7 | M12: =COUNTIF('2. Clean Data'!H3:H402,K12) -> 55 | N12: =IFERROR(AVERAGEIF('2. Clean Data'!H3:H402,K12,'2. Clean Data'!M3:M402),0) -> 7.7178182 | O12: =IFERROR(AVERAGEIF('2. Clean Data'!H3:H402,K12,'2. Clean Data'!N3:N402),0) -> 116.07273 | P12: =IFERROR(L12/SUM(L10:L12),0) -> 0.13635563
B13: Eastgate | C13: =SUMIF('2. Clean Data'!F3:F402,B13,'2. Clean Data'!L3:L402) -> 11233972 | D13: =COUNTIF('2. Clean Data'!F3:F402,B13) -> 94 | E13: =IFERROR(C13/D13,0) -> 119510.34 | F13: =IFERROR(C13/SUM(C10:C14),0) -> 0.23222311
B14: Northpark | C14: =SUMIF('2. Clean Data'!F3:F402,B14,'2. Clean Data'!L3:L402) -> 9651719.8 | D14: =COUNTIF('2. Clean Data'!F3:F402,B14) -> 72 | E14: =IFERROR(C14/D14,0) -> 134051.66 | F14: =IFERROR(C14/SUM(C10:C14),0) -> 0.19951558
B15: TOTAL | C15: =SUM(C10:C14) -> 48375770 | D15: =SUM(D10:D14) -> 400 | E15: =IFERROR(C15/D15,0) -> 120939.43 | F15: =SUM(F10:F14) -> 1
B18: 📅 C. Monthly Transaction Volume (2024) | K18: ⚠️ D. Portfolio by Risk Level
B19: Month | C19: Total Amount ($) | D19: # Transactions | E19: Avg Amount ($) | F19: MoM Growth (%) | K19: Risk Level | L19: Total Amount ($) | M19: # Accounts | N19: Avg Amount ($) | O19: % Portfolio
B20: Jan | C20: =SUMIF('2. Clean Data'!C3:C402,B20,'2. Clean Data'!L3:L402) -> 3822198.3 | D20: =COUNTIF('2. Clean Data'!C3:C402,B20) -> 33 | E20: =IFERROR(C20/D20,0) -> 115824.19 | F20: N/A | K20: Low | L20: =SUMIF('2. Clean Data'!K3:K402,K20,'2. Clean Data'!L3:L402) -> 17532903 | M20: =COUNTIF('2. Clean Data'!K3:K402,K20) -> 145 | N20: =IFERROR(L20/M20,0) -> 120916.57 | O20: =IFERROR(L20/SUM(L20:L22),0) -> 0.36243149
B21: Feb | C21: =SUMIF('2. Clean Data'!C3:C402,B21,'2. Clean Data'!L3:L402) -> 4373262.5 | D21: =COUNTIF('2. Clean Data'!C3:C402,B21) -> 39 | E21: =IFERROR(C21/D21,0) -> 112134.94 | F21: =IFERROR((C21-C20)/C20,0) -> 0.14417468 | K21: Medium | L21: =SUMIF('2. Clean Data'!K3:K402,K21,'2. Clean Data'!L3:L402) -> 18209026 | M21: =COUNTIF('2. Clean Data'!K3:K402,K21) -> 150 | N21: =IFERROR(L21/M21,0) -> 121393.51 | O21: =IFERROR(L21/SUM(L20:L22),0) -> 0.37640798
B22: Mar | C22: =SUMIF('2. Clean Data'!C3:C402,B22,'2. Clean Data'!L3:L402) -> 3887528.8 | D22: =COUNTIF('2. Clean Data'!C3:C402,B22) -> 34 | E22: =IFERROR(C22/D22,0) -> 114339.08 | F22: =IFERROR((C22-C21)/C21,0) -> -0.11106896 | K22: High | L22: =SUMIF('2. Clean Data'!K3:K402,K22,'2. Clean Data'!L3:L402) -> 12633842 | M22: =COUNTIF('2. Clean Data'!K3:K402,K22) -> 105 | N22: =IFERROR(L22/M22,0) -> 120322.3 | O22: =IFERROR(L22/SUM(L20:L22),0) -> 0.26116053
B23: Apr | C23: =SUMIF('2. Clean Data'!C3:C402,B23,'2. Clean Data'!L3:L402) -> 5167423.5 | D23: =COUNTIF('2. Clean Data'!C3:C402,B23) -> 44 | E23: =IFERROR(C23/D23,0) -> 117441.44 | F23: =IFERROR((C23-C22)/C22,0) -> 0.32923092
B24: May | C24: =SUMIF('2. Clean Data'!C3:C402,B24,'2. Clean Data'!L3:L402) -> 3562507.4 | D24: =COUNTIF('2. Clean Data'!C3:C402,B24) -> 29 | E24: =IFERROR(C24/D24,0) -> 122845.08 | F24: =IFERROR((C24-C23)/C23,0) -> -0.31058343
B25: Jun | C25: =SUMIF('2. Clean Data'!C3:C402,B25,'2. Clean Data'!L3:L402) -> 3995084.7 | D25: =COUNTIF('2. Clean Data'!C3:C402,B25) -> 31 | E25: =IFERROR(C25/D25,0) -> 128873.7 | F25: =IFERROR((C25-C24)/C24,0) -> 0.12142495
B26: Jul | C26: =SUMIF('2. Clean Data'!C3:C402,B26,'2. Clean Data'!L3:L402) -> 4022045.3 | D26: =COUNTIF('2. Clean Data'!C3:C402,B26) -> 33 | E26: =IFERROR(C26/D26,0) -> 121880.16 | F26: =IFERROR((C26-C25)/C25,0) -> 0.0067484326
B27: Aug | C27: =SUMIF('2. Clean Data'!C3:C402,B27,'2. Clean Data'!L3:L402) -> 4127197.2 | D27: =COUNTIF('2. Clean Data'!C3:C402,B27) -> 31 | E27: =IFERROR(C27/D27,0) -> 133135.39 | F27: =IFERROR((C27-C26)/C26,0) -> 0.026143885
B28: Sep | C28: =SUMIF('2. Clean Data'!C3:C402,B28,'2. Clean Data'!L3:L402) -> 4245862.2 | D28: =COUNTIF('2. Clean Data'!C3:C402,B28) -> 33 | E28: =IFERROR(C28/D28,0) -> 128662.49 | F28: =IFERROR((C28-C27)/C27,0) -> 0.028751973
B29: Oct | C29: =SUMIF('2. Clean Data'!C3:C402,B29,'2. Clean Data'!L3:L402) -> 3266373.7 | D29: =COUNTIF('2. Clean Data'!C3:C402,B29) -> 25 | E29: =IFERROR(C29/D29,0) -> 130654.95 | F29: =IFERROR((C29-C28)/C28,0) -> -0.23069248
B30: Nov | C30: =SUMIF('2. Clean Data'!C3:C402,B30,'2. Clean Data'!L3:L402) -> 4422800 | D30: =COUNTIF('2. Clean Data'!C3:C402,B30) -> 35 | E30: =IFERROR(C30/D30,0) -> 126365.72 | F30: =IFERROR((C30-C29)/C29,0) -> 0.3540398
B31: Dec | C31: =SUMIF('2. Clean Data'!C3:C402,B31,'2. Clean Data'!L3:L402) -> 3483486.5 | D31: =COUNTIF('2. Clean Data'!C3:C402,B31) -> 33 | E31: =IFERROR(C31/D31,0) -> 105560.2 | F31: =IFERROR((C31-C30)/C30,0) -> -0.21237984
B34: 🏆 E. Relationship Manager Performance
B35: Manager | C35: Total Portfolio ($) | D35: # Deals | E35: Avg Deal ($) | F35: Rank
B36: Sarah Chen | C36: =SUMIF('2. Clean Data'!I3:I402,B36,'2. Clean Data'!L3:L402) -> 9345429.5 | D36: =COUNTIF('2. Clean Data'!I3:I402,B36) -> 77 | E36: =IFERROR(C36/D36,0) -> 121369.21 | F36: =RANK(C36,C36:C40,0) -> 4
B37: James Patel | C37: =SUMIF('2. Clean Data'!I3:I402,B37,'2. Clean Data'!L3:L402) -> 9739146 | D37: =COUNTIF('2. Clean Data'!I3:I402,B37) -> 87 | E37: =IFERROR(C37/D37,0) -> 111944.21 | F37: =RANK(C37,C36:C40,0) -> 3
B38: Maria Lopez | C38: =SUMIF('2. Clean Data'!I3:I402,B38,'2. Clean Data'!L3:L402) -> 12070326 | D38: =COUNTIF('2. Clean Data'!I3:I402,B38) -> 91 | E38: =IFERROR(C38/D38,0) -> 132640.95 | F38: =RANK(C38,C36:C40,0) -> 1
B39: David Kim | C39: =SUMIF('2. Clean Data'!I3:I402,B39,'2. Clean Data'!L3:L402) -> 7339465.5 | D39: =COUNTIF('2. Clean Data'!I3:I402,B39) -> 64 | E39: =IFERROR(C39/D39,0) -> 114679.15 | F39: =RANK(C39,C36:C40,0) -> 5
B40: Rachel Moore | C40: =SUMIF('2. Clean Data'!I3:I402,B40,'2. Clean Data'!L3:L402) -> 9881403.2 | D40: =COUNTIF('2. Clean Data'!I3:I402,B40) -> 81 | E40: =IFERROR(C40/D40,0) -> 121992.63 | F40: =RANK(C40,C36:C40,0) -> 2

Sheet 4. Pivot Summary
A1: PIVOT-STYLE SUMMARY TABLES — Multi-Dimensional Analysis
B3: Pivot 1: Amount ($) by Branch vs. Product Category
B4: Branch / Category | C4: Deposits | D4: Loans | E4: Cards | F4: Row Total | J4: Risk / Segment | K4: Basic | L4: Standard | M4: Premium | N4: Row Total
B5: Downtown | C5: =SUMPRODUCT(('2. Clean Data'!F3:F402=B5)*('2. Clean Data'!H3:H402="Deposits")*('2. Clean Data'!L3:L402)) -> 4096489.8 | D5: =SUMPRODUCT(('2. Clean Data'!F3:F402=B5)*('2. Clean Data'!H3:H402="Loans")*('2. Clean Data'!L3:L402)) -> 3790254.7 | E5: =SUMPRODUCT(('2. Clean Data'!F3:F402=B5)*('2. Clean Data'!H3:H402="Cards")*('2. Clean Data'!L3:L402)) -> 1213707.8 | F5: =SUM(C5:E5) -> 9100452.4 | J5: Low | K5: =SUMPRODUCT(('2. Clean Data'!K3:K402=J5)*('2. Clean Data'!Q3:Q402="Basic")) -> 8 | L5: =SUMPRODUCT(('2. Clean Data'!K3:K402=J5)*('2. Clean Data'!Q3:Q402="Standard")) -> 46 | M5: =SUMPRODUCT(('2. Clean Data'!K3:K402=J5)*('2. Clean Data'!Q3:Q402="Premium")) -> 91 | N5: =SUM(K5:M5) -> 145
B6: Uptown | C6: =SUMPRODUCT(('2. Clean Data'!F3:F402=B6)*('2. Clean Data'!H3:H402="Deposits")*('2. Clean Data'!L3:L402)) -> 2372621.4 | D6: =SUMPRODUCT(('2. Clean Data'!F3:F402=B6)*('2. Clean Data'!H3:H402="Loans")*('2. Clean Data'!L3:L402)) -> 4856119.1 | E6: =SUMPRODUCT(('2. Clean Data'!F3:F402=B6)*('2. Clean Data'!H3:H402="Cards")*('2. Clean Data'!L3:L402)) -> 1161133.1 | F6: =SUM(C6:E6) -> 8389873.6 | J6: Medium | K6: =SUMPRODUCT(('2. Clean Data'!K3:K402=J6)*('2. Clean Data'!Q3:Q402="Basic")) -> 11 | L6: =SUMPRODUCT(('2. Clean Data'!K3:K402=J6)*('2. Clean Data'!Q3:Q402="Standard")) -> 50 | M6: =SUMPRODUCT(('2. Clean Data'!K3:K402=J6)*('2. Clean Data'!Q3:Q402="Premium")) -> 89 | N6: =SUM(K6:M6) -> 150
B7: Westside | C7: =SUMPRODUCT(('2. Clean Data'!F3:F402=B7)*('2. Clean Data'!H3:H402="Deposits")*('2. Clean Data'!L3:L402)) -> 3127370.4 | D7: =SUMPRODUCT(('2. Clean Data'!F3:F402=B7)*('2. Clean Data'!H3:H402="Loans")*('2. Clean Data'!L3:L402)) -> 5031558.2 | E7: =SUMPRODUCT(('2. Clean Data'!F3:F402=B7)*('2. Clean Data'!H3:H402="Cards")*('2. Clean Data'!L3:L402)) -> 1840824 | F7: =SUM(C7:E7) -> 9999752.6 | J7: High | K7: =SUMPRODUCT(('2. Clean Data'!K3:K402=J7)*('2. Clean Data'!Q3:Q402="Basic")) -> 10 | L7: =SUMPRODUCT(('2. Clean Data'!K3:K402=J7)*('2. Clean Data'!Q3:Q402="Standard")) -> 32 | M7: =SUMPRODUCT(('2. Clean Data'!K3:K402=J7)*('2. Clean Data'!Q3:Q402="Premium")) -> 63 | N7: =SUM(K7:M7) -> 105
B8: Eastgate | C8: =SUMPRODUCT(('2. Clean Data'!F3:F402=B8)*('2. Clean Data'!H3:H402="Deposits")*('2. Clean Data'!L3:L402)) -> 4866018.4 | D8: =SUMPRODUCT(('2. Clean Data'!F3:F402=B8)*('2. Clean Data'!H3:H402="Loans")*('2. Clean Data'!L3:L402)) -> 5116378.2 | E8: =SUMPRODUCT(('2. Clean Data'!F3:F402=B8)*('2. Clean Data'!H3:H402="Cards")*('2. Clean Data'!L3:L402)) -> 1251575.3 | F8: =SUM(C8:E8) -> 11233972
B9: Northpark | C9: =SUMPRODUCT(('2. Clean Data'!F3:F402=B9)*('2. Clean Data'!H3:H402="Deposits")*('2. Clean Data'!L3:L402)) -> 4324458.5 | D9: =SUMPRODUCT(('2. Clean Data'!F3:F402=B9)*('2. Clean Data'!H3:H402="Loans")*('2. Clean Data'!L3:L402)) -> 4198192.8 | E9: =SUMPRODUCT(('2. Clean Data'!F3:F402=B9)*('2. Clean Data'!H3:H402="Cards")*('2. Clean Data'!L3:L402)) -> 1129068.4 | F9: =SUM(C9:E9) -> 9651719.8
B10: Column Total | C10: =SUM(C5:C9) -> 18786959 | D10: =SUM(D5:D9) -> 22992503 | E10: =SUM(E5:E9) -> 6596308.7 | F10: =SUM(F5:F9) -> 48375770
J12: Pivot 2: Number of Deals by Risk Level vs. Customer Segment
B13: Pivot 3: Amount ($) by Quarter vs. Branch
B14: Quarter / Branch | C14: Downtown | D14: Uptown | E14: Westside | F14: Eastgate | G14: Northpark | H14: Total
B15: Q1 | C15: =SUMPRODUCT(('2. Clean Data'!D3:D402=B15)*('2. Clean Data'!F3:F402="Downtown")*('2. Clean Data'!L3:L402)) -> 2144724.1 | D15: =SUMPRODUCT(('2. Clean Data'!D3:D402=B15)*('2. Clean Data'!F3:F402="Uptown")*('2. Clean Data'!L3:L402)) -> 2638207.3 | E15: =SUMPRODUCT(('2. Clean Data'!D3:D402=B15)*('2. Clean Data'!F3:F402="Westside")*('2. Clean Data'!L3:L402)) -> 2756375.1 | F15: =SUMPRODUCT(('2. Clean Data'!D3:D402=B15)*('2. Clean Data'!F3:F402="Eastgate")*('2. Clean Data'!L3:L402)) -> 2764587.4 | G15: =SUMPRODUCT(('2. Clean Data'!D3:D402=B15)*('2. Clean Data'!F3:F402="Northpark")*('2. Clean Data'!L3:L402)) -> 1779095.8 | H15: =SUM(C15:G15) -> 12082990
B16: Q2 | C16: =SUMPRODUCT(('2. Clean Data'!D3:D402=B16)*('2. Clean Data'!F3:F402="Downtown")*('2. Clean Data'!L3:L402)) -> 2128608.5 | D16: =SUMPRODUCT(('2. Clean Data'!D3:D402=B16)*('2. Clean Data'!F3:F402="Uptown")*('2. Clean Data'!L3:L402)) -> 1857867.8 | E16: =SUMPRODUCT(('2. Clean Data'!D3:D402=B16)*('2. Clean Data'!F3:F402="Westside")*('2. Clean Data'!L3:L402)) -> 877906.94 | F16: =SUMPRODUCT(('2. Clean Data'!D3:D402=B16)*('2. Clean Data'!F3:F402="Eastgate")*('2. Clean Data'!L3:L402)) -> 3122936.8 | G16: =SUMPRODUCT(('2. Clean Data'!D3:D402=B16)*('2. Clean Data'!F3:F402="Northpark")*('2. Clean Data'!L3:L402)) -> 4737695.6 | H16: =SUM(C16:G16) -> 12725016
B17: Q3 | C17: =SUMPRODUCT(('2. Clean Data'!D3:D402=B17)*('2. Clean Data'!F3:F402="Downtown")*('2. Clean Data'!L3:L402)) -> 1920092.6 | D17: =SUMPRODUCT(('2. Clean Data'!D3:D402=B17)*('2. Clean Data'!F3:F402="Uptown")*('2. Clean Data'!L3:L402)) -> 2199672 | E17: =SUMPRODUCT(('2. Clean Data'!D3:D402=B17)*('2. Clean Data'!F3:F402="Westside")*('2. Clean Data'!L3:L402)) -> 3379997.1 | F17: =SUMPRODUCT(('2. Clean Data'!D3:D402=B17)*('2. Clean Data'!F3:F402="Eastgate")*('2. Clean Data'!L3:L402)) -> 2792837.8 | G17: =SUMPRODUCT(('2. Clean Data'!D3:D402=B17)*('2. Clean Data'!F3:F402="Northpark")*('2. Clean Data'!L3:L402)) -> 2102505.1 | H17: =SUM(C17:G17) -> 12395105
B18: Q4 | C18: =SUMPRODUCT(('2. Clean Data'!D3:D402=B18)*('2. Clean Data'!F3:F402="Downtown")*('2. Clean Data'!L3:L402)) -> 2907027.1 | D18: =SUMPRODUCT(('2. Clean Data'!D3:D402=B18)*('2. Clean Data'!F3:F402="Uptown")*('2. Clean Data'!L3:L402)) -> 1694126.6 | E18: =SUMPRODUCT(('2. Clean Data'!D3:D402=B18)*('2. Clean Data'!F3:F402="Westside")*('2. Clean Data'!L3:L402)) -> 2985473.5 | F18: =SUMPRODUCT(('2. Clean Data'!D3:D402=B18)*('2. Clean Data'!F3:F402="Eastgate")*('2. Clean Data'!L3:L402)) -> 2553609.9 | G18: =SUMPRODUCT(('2. Clean Data'!D3:D402=B18)*('2. Clean Data'!F3:F402="Northpark")*('2. Clean Data'!L3:L402)) -> 1032423.2 | H18: =SUM(C18:G18) -> 11172660
B20: 💡 TIP: These pivot-style tables use SUMPRODUCT() with multiple conditions. Try recreating them using Excel's built-in PivotTable feature (Insert → PivotTable) for practice — it's one of the most-asked interview topics!

Sheet 5. Charts
A1: VISUAL ANALYTICS — Portfolio Charts & Trends
A3: Branch | B3: Amount ($)
A4: Downtown | B4: =SUMIF('2. Clean Data'!F3:F402,A4,'2. Clean Data'!L3:L402) -> 9100452.3
A5: Uptown | B5: =SUMIF('2. Clean Data'!F3:F402,A5,'2. Clean Data'!L3:L402) -> 8389873.6
A6: Westside | B6: =SUMIF('2. Clean Data'!F3:F402,A6,'2. Clean Data'!L3:L402) -> 9999752.6
A7: Eastgate | B7: =SUMIF('2. Clean Data'!F3:F402,A7,'2. Clean Data'!L3:L402) -> 11233972
A8: Northpark | B8: =SUMIF('2. Clean Data'!F3:F402,A8,'2. Clean Data'!L3:L402) -> 9651719.8
A11: Category | B11: Amount
A12: Deposits | B12: =SUMIF('2. Clean Data'!H3:H402,A12,'2. Clean Data'!L3:L402) -> 18786959
A13: Loans | B13: =SUMIF('2. Clean Data'!H3:H402,A13,'2. Clean Data'!L3:L402) -> 22992503
A14: Cards | B14: =SUMIF('2. Clean Data'!H3:H402,A14,'2. Clean Data'!L3:L402) -> 6596308.7
A18: Month | B18: Amount ($) | C18: # Transactions
A19: Jan | B19: =SUMIF('2. Clean Data'!C3:C402,A19,'2. Clean Data'!L3:L402) -> 3822198.3 | C19: =COUNTIF('2. Clean Data'!C3:C402,A19) -> 33
A20: Feb | B20: =SUMIF('2. Clean Data'!C3:C402,A20,'2. Clean Data'!L3:L402) -> 4373262.5 | C20: =COUNTIF('2. Clean Data'!C3:C402,A20) -> 39
A21: Mar | B21: =SUMIF('2. Clean Data'!C3:C402,A21,'2. Clean Data'!L3:L402) -> 3887528.8 | C21: =COUNTIF('2. Clean Data'!C3:C402,A21) -> 34
A22: Apr | B22: =SUMIF('2. Clean Data'!C3:C402,A22,'2. Clean Data'!L3:L402) -> 5167423.5 | C22: =COUNTIF('2. Clean Data'!C3:C402,A22) -> 44
A23: May | B23: =SUMIF('2. Clean Data'!C3:C402,A23,'2. Clean Data'!L3:L402) -> 3562507.4 | C23: =COUNTIF('2. Clean Data'!C3:C402,A23) -> 29
A24: Jun | B24: =SUMIF('2. Clean Data'!C3:C402,A24,'2. Clean Data'!L3:L402) -> 3995084.7 | C24: =COUNTIF('2. Clean Data'!C3:C402,A24) -> 31
A25: Jul | B25: =SUMIF('2. Clean Data'!C3:C402,A25,'2. Clean Data'!L3:L402) -> 4022045.3 | C25: =COUNTIF('2. Clean Data'!C3:C402,A25) -> 33
A26: Aug | B26: =SUMIF('2. Clean Data'!C3:C402,A26,'2. Clean Data'!L3:L402) -> 4127197.2 | C26: =COUNTIF('2. Clean Data'!C3:C402,A26) -> 31
A27: Sep | B27: =SUMIF('2. Clean Data'!C3:C402,A27,'2. Clean Data'!L3:L402) -> 4245862.2 | C27: =COUNTIF('2. Clean Data'!C3:C402,A27) -> 33
A28: Oct | B28: =SUMIF('2. Clean Data'!C3:C402,A28,'2. Clean Data'!L3:L402) -> 3266373.7 | C28: =COUNTIF('2. Clean Data'!C3:C402,A28) -> 25
A29: Nov | B29: =SUMIF('2. Clean Data'!C3:C402,A29,'2. Clean Data'!L3:L402) -> 4422800 | C29: =COUNTIF('2. Clean Data'!C3:C402,A29) -> 35
A30: Dec | B30: =SUMIF('2. Clean Data'!C3:C402,A30,'2. Clean Data'!L3:L402) -> 3483486.5 | C30: =COUNTIF('2. Clean Data'!C3:C402,A30) -> 33
A33: Risk Level | B33: Amount ($)
A34: Low | B34: =SUMIF('2. Clean Data'!K3:K402,A34,'2. Clean Data'!L3:L402) -> 17532903
A35: Medium | B35: =SUMIF('2. Clean Data'!K3:K402,A35,'2. Clean Data'!L3:L402) -> 18209026
A36: High | B36: =SUMIF('2. Clean Data'!K3:K402,A36,'2. Clean Data'!L3:L402) -> 12633842

Sheet 6. Dashboard
B1: 🏦 BANK PORTFOLIO PERFORMANCE DASHBOARD | FY 2024
B3: Deposits · Loans · Cards | 5 Branches · 5 Relationship Managers · 3 Risk Levels
B5: 💰 Active Portfolio | H5: 📋 Total Deals | M5: 📈 Avg Loan Amount | R5: ⚡ High Risk Deals
B7: =SUMIF('2. Clean Data'!J3:J402,"Active",'2. Clean Data'!L3:L402) -> 35627697 | H7: =COUNTA('2. Clean Data'!A3:A402) -> 400 | M7: =AVERAGEIF('2. Clean Data'!H3:H402,"Loans",'2. Clean Data'!L3:L402) -> 114962.51 | R7: =COUNTIF('2. Clean Data'!K3:K402,"High") -> 105
B10: BREAKDOWN BY KEY DIMENSIONS
B11: Branch | C11: Amount ($) | D11: Deals | F11: Category | G11: Amount ($) | H11: Rate (%) | J11: Risk | K11: Amount ($) | L11: Count | N11: 🏆 Top Performing Manager
B12: Downtown | C12: =SUMIF('2. Clean Data'!F3:F402,B12,'2. Clean Data'!L3:L402) -> 9100452.3 | D12: =COUNTIF('2. Clean Data'!F3:F402,B12) -> 82 | F12: Deposits | G12: =SUMIF('2. Clean Data'!H3:H402,F12,'2. Clean Data'!L3:L402) -> 18786959 | H12: =IFERROR(AVERAGEIF('2. Clean Data'!H3:H402,F12,'2. Clean Data'!M3:M402),0) -> 8.0493103 | J12: Low | K12: =SUMIF('2. Clean Data'!K3:K402,J12,'2. Clean Data'!L3:L402) -> 17532903 | L12: =COUNTIF('2. Clean Data'!K3:K402,J12) -> 145 | N12: =INDEX('3. Analysis'!B36:B40,MATCH(MAX('3. Analysis'!C36:C40),'3. Analysis'!C36:C40,0)) -> Maria Lopez
B13: Uptown | C13: =SUMIF('2. Clean Data'!F3:F402,B13,'2. Clean Data'!L3:L402) -> 8389873.6 | D13: =COUNTIF('2. Clean Data'!F3:F402,B13) -> 69 | F13: Loans | G13: =SUMIF('2. Clean Data'!H3:H402,F13,'2. Clean Data'!L3:L402) -> 22992503 | H13: =IFERROR(AVERAGEIF('2. Clean Data'!H3:H402,F13,'2. Clean Data'!M3:M402),0) -> 8.1814 | J13: Medium | K13: =SUMIF('2. Clean Data'!K3:K402,J13,'2. Clean Data'!L3:L402) -> 18209026 | L13: =COUNTIF('2. Clean Data'!K3:K402,J13) -> 150
B14: Westside | C14: =SUMIF('2. Clean Data'!F3:F402,B14,'2. Clean Data'!L3:L402) -> 9999752.6 | D14: =COUNTIF('2. Clean Data'!F3:F402,B14) -> 83 | F14: Cards | G14: =SUMIF('2. Clean Data'!H3:H402,F14,'2. Clean Data'!L3:L402) -> 6596308.7 | H14: =IFERROR(AVERAGEIF('2. Clean Data'!H3:H402,F14,'2. Clean Data'!M3:M402),0) -> 7.7178182 | J14: High | K14: =SUMIF('2. Clean Data'!K3:K402,J14,'2. Clean Data'!L3:L402) -> 12633842 | L14: =COUNTIF('2. Clean Data'!K3:K402,J14) -> 105
B15: Eastgate | C15: =SUMIF('2. Clean Data'!F3:F402,B15,'2. Clean Data'!L3:L402) -> 11233972 | D15: =COUNTIF('2. Clean Data'!F3:F402,B15) -> 94
B16: Northpark | C16: =SUMIF('2. Clean Data'!F3:F402,B16,'2. Clean Data'!L3:L402) -> 9651719.8 | D16: =COUNTIF('2. Clean Data'!F3:F402,B16) -> 72
B19: ℹ️ All figures update automatically from '2. Clean Data'. Explore sheets: 1. Raw Data → 2. Clean Data → 3. Analysis → 4. Pivot Summary → 5. Charts → 6. Dashboard
